Date;VS;VSp;GR;GRp;TI;TIp;rCH;rCHp;CH;CHp;Rhm;Rh;Rhp
2003-01-06;2515;0.666;1540;0.786;953;0.778;1281;0.801;6289;0.735;786;1575;2
2003-01-13;2322;0.615;1417;0.723;877;0.716;1163;0.727;5779;0.675;774;1005;1.3
2003-01-20;2187;0.579;1313;0.67;823;0.672;1078;0.674;5401;0.631;780;851;1.09
2003-01-27;2025;0.536;1205;0.615;761;0.621;991;0.619;4982;0.582;794;844;1.06
2003-02-03;1861;0.493;1095;0.559;699;0.571;917;0.573;4572;0.534;809;871;1.08
2003-02-10;1698;0.45;977;0.498;641;0.523;813;0.508;4129;0.482;823;864;1.05
2003-02-17;1495;0.396;845;0.431;572;0.467;697;0.436;3609;0.422;837;724;0.86
2003-02-24;1289;0.341;708;0.361;487;0.398;579;0.362;3063;0.358;849;668;0.79
2003-03-03;1128;0.299;622;0.317;419;0.342;507;0.317;2676;0.313;862;1046;1.21
2003-03-10;998;0.264;561;0.286;378;0.309;457;0.286;2394;0.28;874;793;0.91
2003-03-17;875;0.232;511;0.261;340;0.278;429;0.268;2155;0.252;893;768;0.86
2003-03-24;767;0.203;429;0.219;293;0.239;407;0.254;1896;0.221;927;662;0.71
2003-03-31;673;0.178;381;0.194;260;0.212;414;0.259;1728;0.202;962;787;0.82
2003-04-07;611;0.162;346;0.177;235;0.192;406;0.254;1598;0.187;997;724;0.73
2003-04-14;490;0.13;304;0.155;185;0.151;317;0.198;1296;0.151;1031;712;0.69
2003-04-21;454;0.12;298;0.152;180;0.147;341;0.213;1273;0.149;1081;644;0.6
2003-04-28;421;0.112;294;0.15;169;0.138;367;0.229;1251;0.146;1133;749;0.66
2003-05-05;496;0.131;396;0.202;218;0.178;460;0.288;1570;0.183;1185;952;0.8
2003-05-12;542;0.144;555;0.283;295;0.241;521;0.326;1913;0.223;1238;1111;0.9
2003-05-19;566;0.15;637;0.325;342;0.279;519;0.324;2064;0.241;1293;965;0.75
2003-05-26;620;0.164;701;0.358;390;0.318;546;0.341;2257;0.264;1350;1075;0.8
2003-06-02;732;0.194;858;0.438;496;0.405;644;0.403;2730;0.319;1407;1019;0.72
2003-06-09;1076;0.285;1039;0.53;618;0.504;755;0.472;3488;0.407;1464;1154;0.79
2003-06-16;1419;0.376;1172;0.598;748;0.611;890;0.556;4229;0.494;1511;1118;0.74
2003-06-23;1746;0.463;1270;0.648;817;0.667;973;0.608;4806;0.561;1495;965;0.65
2003-06-30;2055;0.544;1322;0.674;839;0.685;1039;0.649;5255;0.603;1480;837;0.57
2003-07-07;2238;0.593;1352;0.69;856;0.699;1072;0.67;5518;0.645;1465;864;0.59
2003-07-14;2450;0.649;1359;0.693;858;0.7;1067;0.667;5734;0.67;1449;656;0.45
2003-07-21;2677;0.709;1362;0.695;857;0.7;1106;0.691;6002;0.701;1402;731;0.52
2003-07-28;2868;0.76;1381;0.705;872;0.712;1166;0.729;6287;0.734;1349;847;0.63
2003-08-04;3042;0.806;1423;0.726;882;0.72;1212;0.758;6559;0.766;1296;712;0.55
2003-08-11;3246;0.86;1400;0.714;866;0.707;1242;0.776;6754;0.789;1243;545;0.44
2003-08-18;3402;0.901;1394;0.711;858;0.7;1267;0.792;6921;0.809;1195;656;0.55
2003-08-25;3510;0.93;1400;0.714;864;0.705;1272;0.795;7046;0.823;1154;545;0.47
2003-09-01;3560;0.943;1466;0.748;895;0.731;1305;0.816;7226;0.844;1113;712;0.64
2003-09-08;3530;0.935;1485;0.758;888;0.725;1294;0.809;7197;0.841;1071;586;0.55
2003-09-15;3479;0.922;1483;0.757;886;0.723;1307;0.817;7155;0.836;1030;462;0.45
2003-09-22;3471;0.919;1488;0.759;881;0.719;1301;0.813;7141;0.834;992;387;0.39
2003-09-29;3442;0.912;1469;0.749;863;0.704;1292;0.808;7066;0.825;954;467;0.49
2003-10-06;3398;0.9;1444;0.737;856;0.699;1303;0.814;7001;0.818;917;864;0.94
2003-10-13;3352;0.888;1465;0.747;870;0.71;1364;0.853;7051;0.824;879;998;1.14
2003-10-20;3235;0.857;1462;0.746;850;0.694;1330;0.831;6877;0.803;864;693;0.8
2003-10-27;3102;0.822;1407;0.718;822;0.671;1276;0.798;6607;0.772;859;638;0.74
2003-11-03;2988;0.792;1379;0.704;814;0.664;1248;0.78;6429;0.751;853;743;0.87
2003-11-10;2872;0.761;1367;0.697;803;0.656;1241;0.776;6283;0.734;848;574;0.68
2003-11-17;2751;0.729;1346;0.687;786;0.642;1214;0.759;6097;0.712;843;615;0.73
2003-11-24;2626;0.696;1325;0.676;784;0.64;1197;0.748;5932;0.693;839;516;0.62
2003-12-01;2508;0.664;1316;0.671;786;0.642;1166;0.729;5776;0.675;834;597;0.72
2003-12-08;2370;0.628;1282;0.654;765;0.624;1127;0.704;5544;0.648;830;522;0.63
2003-12-15;2232;0.591;1217;0.621;729;0.595;1081;0.676;5259;0.614;826;574;0.69
2003-12-22;2092;0.554;1180;0.602;694;0.567;1042;0.651;5008;0.575;813;724;0.89
2003-12-29;2048;0.543;1193;0.609;688;0.562;1063;0.664;4992;0.583;801;483;0.6
2005-01-03;2432;0.648;1408;0.718;717;0.585;1140;0.713;5697;0.667;793;670;0.84
2005-01-10;2348;0.625;1386;0.707;679;0.554;1129;0.709;5542;0.649;783;555;0.71
2005-01-17;2236;0.595;1327;0.677;635;0.518;1085;0.678;5283;0.619;779;513;0.66
2005-01-24;2108;0.561;1255;0.64;588;0.48;1043;0.652;4994;0.585;792;703;0.89
2005-01-31;1898;0.505;1115;0.569;520;0.424;941;0.588;4474;0.524;804;525;0.65
2005-02-07;1709;0.455;993;0.507;467;0.381;851;0.532;4020;0.471;817;495;0.61
2005-02-14;1550;0.413;885;0.452;421;0.344;795;0.497;3651;0.428;830;1078;1.3
2005-02-21;1387;0.369;760;0.388;358;0.292;713;0.446;3218;0.377;843;877;1.04
2005-02-28;1205;0.321;636;0.324;297;0.242;597;0.373;2735;0.32;855;624;0.73
2005-03-07;1007;0.268;503;0.257;232;0.189;458;0.286;2200;0.258;868;507;0.58
2005-03-14;825;0.22;393;0.201;196;0.16;364;0.228;1778;0.208;880;561;0.64
2005-03-21;730;0.194;353;0.18;184;0.15;358;0.224;1625;0.19;911;995;1.09
2005-03-28;652;0.174;349;0.178;172;0.14;406;0.254;1579;0.185;944;1147;1.21
2005-04-04;563;0.15;313;0.16;150;0.122;425;0.266;1451;0.17;978;965;0.99
2005-04-11;477;0.127;250;0.128;114;0.093;414;0.259;1255;0.147;1012;1147;1.13
2005-04-18;394;0.105;206;0.105;91;0.074;394;0.246;1085;0.127;1054;1329;1.26
2005-04-25;335;0.089;163;0.083;72;0.059;395;0.247;965;0.113;1107;1321;1.19
2005-05-02;300;0.08;162;0.083;80;0.065;431;0.269;973;0.114;1160;1147;0.99
2005-05-09;336;0.089;221;0.113;120;0.098;498;0.311;1175;0.138;1213;1615;1.33
2005-05-16;317;0.084;205;0.105;118;0.096;468;0.293;1108;0.13;1266;1132;0.89
2005-05-23;329;0.088;252;0.129;150;0.122;501;0.313;1232;0.144;1322;1483;1.12
2005-05-30;445;0.119;389;0.198;249;0.203;621;0.388;1704;0.2;1378;1273;0.92
2005-06-06;638;0.17;530;0.27;331;0.27;742;0.464;2241;0.262;1435;1361;0.95
2005-06-13;735;0.196;566;0.289;350;0.286;737;0.461;2388;0.28;1491;1086;0.73
2005-06-20;936;0.249;641;0.327;414;0.338;773;0.483;2764;0.324;1496;1032;0.69
2005-06-27;1199;0.319;701;0.358;451;0.368;845;0.528;3196;0.374;1479;1017;0.69
2005-07-04;1494;0.398;740;0.378;472;0.385;910;0.569;3616;0.423;1463;1010;0.69
2005-07-11;1607;0.428;768;0.392;487;0.398;943;0.589;3805;0.446;1447;1109;0.77
2005-07-18;1793;0.477;789;0.403;504;0.411;956;0.598;4042;0.473;1415;841;0.59
2005-07-25;2022;0.538;860;0.439;535;0.437;1012;0.633;4429;0.519;1363;848;0.62
2005-08-01;2331;0.621;926;0.472;578;0.472;1096;0.685;4931;0.577;1310;856;0.65
2005-08-08;2572;0.685;995;0.508;656;0.536;1211;0.757;5434;0.636;1258;1124;0.89
2005-08-15;2715;0.723;1029;0.525;673;0.549;1199;0.749;5616;0.658;1205;965;0.8
2005-08-22;2860;0.762;1084;0.553;690;0.563;1234;0.771;5868;0.687;1164;2994;2.57
2005-08-29;3021;0.805;1170;0.597;720;0.588;1331;0.832;6242;0.731;1123;2081;1.85
2005-09-05;3181;0.847;1214;0.619;724;0.591;1326;0.829;6445;0.755;1082;1297;1.2
2005-09-12;3321;0.884;1252;0.639;749;0.611;1329;0.831;6651;0.779;1041;1210;1.16
2005-09-19;3317;0.883;1274;0.65;756;0.617;1336;0.835;6683;0.783;1002;935;0.93
2005-09-26;3295;0.877;1276;0.651;767;0.626;1321;0.826;6659;0.78;966;696;0.72
2005-10-03;3258;0.868;1285;0.656;762;0.622;1323;0.827;6628;0.776;930;1210;1.3
2005-10-10;3204;0.853;1315;0.671;751;0.613;1320;0.825;6590;0.772;894;827;0.93
2005-10-17;3158;0.841;1313;0.67;736;0.601;1284;0.803;6491;0.76;866;574;0.66
2005-10-24;3115;0.83;1312;0.669;711;0.58;1246;0.779;6384;0.748;860;593;0.69
2005-10-31;3079;0.82;1301;0.664;691;0.564;1205;0.753;6276;0.735;855;465;0.54
2005-11-07;3044;0.811;1299;0.663;666;0.544;1181;0.738;6190;0.725;849;501;0.59
2005-11-14;2956;0.787;1261;0.643;646;0.527;1123;0.702;5986;0.701;843;465;0.55
2005-11-21;2833;0.754;1198;0.611;612;0.5;1074;0.671;5717;0.669;838;403;0.48
2005-11-28;2677;0.713;1116;0.569;573;0.468;998;0.624;5364;0.628;833;398;0.48
2005-12-05;2529;0.674;1039;0.53;533;0.435;934;0.584;5035;0.59;829;480;0.58
2005-12-12;2391;0.637;985;0.503;507;0.414;894;0.559;4777;0.559;824;471;0.57
2005-12-19;2259;0.602;925;0.472;485;0.396;849;0.531;4518;0.529;816;448;0.55
2005-12-26;2142;0.57;878;0.448;468;0.382;823;0.514;4311;0.505;805;376;0.47
2006-01-02;2061;0.549;870;0.444;454;0.371;830;0.519;4215;0.494;795;612;0.77
2006-01-09;1967;0.524;848;0.433;445;0.363;813;0.508;4073;0.477;784;420;0.54
2006-01-16;1828;0.487;787;0.402;420;0.343;747;0.467;3782;0.443;777;376;0.48
2006-01-23;1710;0.455;754;0.385;404;0.33;707;0.442;3575;0.419;790;465;0.59
2006-01-30;1559;0.415;678;0.346;369;0.301;647;0.404;3253;0.381;803;387;0.48
2006-02-06;1383;0.368;608;0.31;343;0.28;592;0.37;2926;0.343;815;376;0.46
2006-02-13;1237;0.329;556;0.284;318;0.26;558;0.349;2669;0.313;828;349;0.42
2006-02-20;1098;0.292;511;0.261;287;0.234;542;0.339;2438;0.285;841;730;0.87
2006-02-27;970;0.258;446;0.228;254;0.207;489;0.306;2159;0.253;853;519;0.61
2006-03-06;836;0.223;377;0.192;220;0.18;436;0.273;1869;0.219;866;723;0.83
2006-03-13;736;0.196;343;0.175;199;0.162;416;0.26;1694;0.198;878;1047;1.19
2006-03-20;624;0.166;293;0.149;167;0.136;354;0.221;1438;0.168;906;618;0.68
2006-03-27;533;0.142;269;0.137;154;0.126;364;0.228;1320;0.155;940;1442;1.53
2006-04-03;498;0.133;269;0.137;150;0.122;422;0.264;1339;0.157;973;1781;1.83
2006-04-10;453;0.121;250;0.128;142;0.116;391;0.244;1236;0.145;1007;2977;2.96
2006-04-17;407;0.108;242;0.123;136;0.111;398;0.249;1183;0.139;1046;2106;2.01
2006-04-24;409;0.109;262;0.134;144;0.118;422;0.264;1237;0.145;1099;1664;1.51
2006-05-01;412;0.11;295;0.151;161;0.131;449;0.281;1317;0.154;1152;1615;1.4
2006-05-08;447;0.119;363;0.185;191;0.156;492;0.308;1493;0.175;1205;1361;1.13
2006-05-15;480;0.128;430;0.219;215;0.176;525;0.328;1650;0.193;1499;1664;1.11
2006-05-22;620;0.165;577;0.294;275;0.224;624;0.39;2096;0.245;1314;1764;1.34
2006-05-29;741;0.197;693;0.354;363;0.296;687;0.429;2484;0.291;1370;1739;1.27
2006-06-05;813;0.217;757;0.386;397;0.324;733;0.458;2700;0.316;1427;1822;1.28
2006-06-12;909;0.242;807;0.412;434;0.354;740;0.463;2890;0.338;1484;1242;0.84
2006-06-19;1215;0.324;945;0.482;505;0.412;824;0.515;3489;0.409;1498;1313;0.88
2006-06-26;1565;0.417;1068;0.545;572;0.467;950;0.594;4155;0.487;1481;1226;0.83
2006-07-03;1932;0.515;1162;0.593;625;0.51;1040;0.65;4759;0.557;1464;1109;0.76
2006-07-10;2209;0.588;1232;0.629;662;0.54;1088;0.68;5191;0.608;1446;1017;0.7
2006-07-17;2475;0.659;1268;0.647;688;0.562;1125;0.703;5556;0.651;1419;863;0.61
2006-07-24;2724;0.725;1277;0.652;695;0.567;1165;0.728;5861;0.686;1367;757;0.55
2006-07-31;2943;0.784;1273;0.649;695;0.567;1200;0.75;6111;0.716;1314;710;0.54
2006-08-07;3100;0.826;1346;0.687;714;0.583;1320;0.825;6480;0.759;1262;1163;0.92
2006-08-14;3190;0.85;1367;0.697;725;0.592;1345;0.841;6627;0.776;1209;1500;1.24
2006-08-21;3299;0.879;1476;0.753;831;0.678;1395;0.872;7001;0.82;1167;1086;0.93
2006-08-28;3368;0.897;1522;0.777;859;0.701;1399;0.874;7148;0.837;1126;1179;1.05
2006-09-04;3420;0.911;1552;0.792;876;0.715;1450;0.906;7298;0.855;1085;1218;1.12
2006-09-11;3550;0.945;1588;0.81;887;0.724;1478;0.924;7503;0.879;1043;921;0.88
2006-09-18;3601;0.959;1636;0.835;933;0.762;1490;0.931;7660;0.897;1005;2190;2.18
2006-09-25;3616;0.963;1669;0.852;957;0.781;1491;0.932;7733;0.906;969;1047;1.08
2006-10-02;3576;0.961;1698;0.866;972;0.793;1470;0.919;7716;0.907;934;1656;1.77
2006-10-09;3616;0.972;1780;0.908;1027;0.838;1490;0.931;7913;0.93;898;1132;1.26
2006-10-16;3542;0.952;1784;0.91;1019;0.832;1441;0.901;7786;0.915;867;778;0.9
2006-10-23;3437;0.924;1765;0.901;991;0.809;1400;0.875;7593;0.893;861;624;0.72
2006-10-30;3374;0.907;1790;0.913;1001;0.817;1395;0.872;7560;0.889;854;586;0.69
2006-11-06;3284;0.883;1755;0.895;983;0.802;1371;0.857;7393;0.869;848;501;0.59
2006-11-13;3157;0.849;1720;0.878;951;0.776;1334;0.834;7162;0.842;842;586;0.7
2006-11-20;3042;0.818;1709;0.872;926;0.756;1307;0.817;6984;0.821;836;612;0.73
2006-11-27;2891;0.777;1683;0.859;905;0.739;1280;0.8;6759;0.795;831;549;0.66
2006-12-04;2738;0.736;1627;0.83;869;0.709;1240;0.775;6474;0.761;826;561;0.68
2006-12-11;2611;0.702;1636;0.835;868;0.709;1232;0.77;6347;0.746;821;1002;1.22
2006-12-18;2461;0.662;1590;0.811;837;0.683;1177;0.736;6065;0.713;814;683;0.84
2006-12-25;2315;0.622;1550;0.791;798;0.651;1112;0.695;5775;0.679;805;543;0.67
2007-01-01;2225;0.598;1532;0.778;779;0.636;1102;0.689;5638;0.662;793;723;0.91
2007-01-08;2162;0.581;1529;0.776;764;0.624;1109;0.693;5564;0.653;785;834;1.06
2007-01-15;2087;0.561;1518;0.771;735;0.6;1085;0.678;5425;0.637;830;813;0.98
2007-01-22;2007;0.54;1497;0.76;726;0.593;1067;0.667;5297;0.622;789;892;1.13
2007-01-29;1832;0.492;1421;0.721;686;0.56;1000;0.625;4939;0.58;801;663;0.83
2007-02-05;1707;0.459;1226;0.622;642;0.524;905;0.566;4480;0.526;813;519;0.64
2007-02-12;1557;0.419;1265;0.642;612;0.5;874;0.546;4308;0.506;825;834;1.01
2007-02-19;1454;0.391;1212;0.615;585;0.478;840;0.525;4091;0.48;837;792;0.95
2007-02-26;1336;0.359;1149;0.583;559;0.456;788;0.493;3832;0.45;849;813;0.96
2007-03-05;1249;0.336;1092;0.554;543;0.443;779;0.487;3663;0.43;862;1524;1.77
2007-03-12;1153;0.31;1024;0.52;523;0.427;717;0.448;3417;0.401;874;1017;1.16
2007-03-19;1096;0.295;1000;0.508;510;0.416;657;0.411;3263;0.383;899;856;0.95
2007-03-26;989;0.266;936;0.475;482;0.393;582;0.364;2989;0.351;933;928;0.99
2007-04-02;899;0.242;896;0.455;453;0.37;548;0.343;2796;0.328;967;870;0.9
2007-04-09;840;0.226;877;0.445;432;0.353;540;0.338;2689;0.316;1002;771;0.77
2007-04-16;806;0.217;880;0.447;438;0.358;565;0.353;2689;0.316;1039;737;0.71
2007-04-23;804;0.216;927;0.471;467;0.381;595;0.372;2793;0.328;1091;771;0.71
2007-04-30;813;0.219;998;0.507;497;0.406;637;0.398;2945;0.346;1144;750;0.66
2007-05-07;824;0.222;1044;0.53;527;0.43;661;0.413;3056;0.359;1196;870;0.73
2007-05-14;836;0.225;1096;0.556;559;0.456;704;0.44;3195;0.375;1249;744;0.6
2007-05-21;885;0.238;1174;0.596;628;0.513;802;0.501;3489;0.41;1304;1281;0.98
2007-05-28;1033;0.278;1287;0.653;696;0.568;844;0.528;3860;0.453;1359;1320;0.97
2007-06-04;1076;0.289;1344;0.682;765;0.624;878;0.549;4063;0.477;1415;1475;1.04
2007-06-11;1236;0.332;1442;0.732;836;0.682;940;0.588;4454;0.523;1470;1242;0.84
2007-06-18;1536;0.413;1567;0.795;940;0.767;1022;0.639;5065;0.595;1495;1565;1.05
2007-06-25;1840;0.495;1650;0.838;1009;0.824;1092;0.683;5591;0.657;1477;1451;0.98
2007-07-02;2027;0.545;1640;0.832;1046;0.854;1120;0.701;5833;0.685;1460;1361;0.93
2007-07-09;2212;0.595;1693;0.859;1072;0.875;1175;0.734;6152;0.722;1443;1699;1.18
2007-07-16;2382;0.64;1716;0.871;1068;0.872;1193;0.746;6359;0.747;1421;1534;1.08
2007-07-23;2621;0.705;1722;0.874;1063;0.868;1254;0.784;6660;0.782;1371;1567;1.14
2007-07-30;2795;0.751;1740;0.883;1069;0.873;1301;0.813;6905;0.811;1321;1405;1.06
2007-08-06;2916;0.784;1742;0.884;1064;0.869;1342;0.839;7064;0.83;1270;1132;0.89
2007-08-13;3040;0.817;1761;0.894;1078;0.88;1402;0.876;7281;0.855;1220;2037;1.67
2007-08-20;3191;0.858;1789;0.908;1074;0.877;1405;0.878;7459;0.876;1176;1600;1.36
2007-08-27;3188;0.857;1803;0.915;1082;0.883;1376;0.86;7449;0.875;1134;1109;0.98
2007-09-03;3403;0.915;1817;0.922;1053;0.86;1434;0.896;7707;0.905;1092;1302;1.19
2007-09-10;3417;0.919;1788;0.908;1009;0.824;1431;0.894;7645;0.898;1050;1147;1.09
2007-09-17;3462;0.931;1755;0.891;967;0.789;1412;0.883;7596;0.892;1010;876;0.87
2007-09-24;3509;0.943;1762;0.894;948;0.774;1424;0.89;7643;0.898;974;890;0.91
2007-10-01;3432;0.923;1725;0.873;930;0.759;1409;0.881;7496;0.88;937;912;0.97
2007-10-08;3413;0.917;1751;0.886;927;0.757;1409;0.881;7500;0.88;901;919;1.02
2007-10-15;3349;0.9;1717;0.869;910;0.743;1353;0.846;7329;0.86;835;740;0.89
2007-10-22;3257;0.876;1664;0.842;871;0.711;1311;0.819;7103;0.834;858;649;0.76
2007-10-29;3122;0.839;1602;0.811;820;0.669;1236;0.773;6780;0.796;851;562;0.66
2007-11-05;3002;0.807;1565;0.792;798;0.651;1202;0.751;6567;0.771;844;502;0.59
2007-11-12;2857;0.768;1526;0.772;765;0.624;1158;0.724;6306;0.74;837;848;1.01
2007-11-19;2697;0.725;1456;0.737;732;0.598;1090;0.681;5975;0.701;831;568;0.68
2007-11-26;2563;0.689;1398;0.707;712;0.581;1070;0.669;5743;0.674;826;780;0.94
2007-12-03;2433;0.654;1345;0.681;690;0.563;1045;0.655;5513;0.647;821;954;1.16
2007-12-10;2333;0.627;1313;0.664;672;0.549;1073;0.671;5391;0.633;817;1600;1.96
2007-12-17;2181;0.586;1247;0.631;641;0.523;1002;0.626;5071;0.595;811;976;1.2
2007-12-24;2039;0.548;1150;0.582;609;0.497;914;0.571;4712;0.553;803;700;0.87
2007-12-31;1961;0.527;1140;0.577;584;0.477;915;0.572;4600;0.54;794;562;0.71
2008-01-07;1872;0.503;1189;0.604;563;0.46;894;0.559;4518;0.531;783;991;1.27
2008-01-14;1756;0.472;1049;0.532;543;0.443;899;0.562;4247;0.499;774;787;1.02
2008-01-21;1635;0.44;993;0.504;523;0.427;864;0.54;4015;0.472;783;807;1.03
2008-01-28;1480;0.398;909;0.461;500;0.408;817;0.511;3706;0.435;795;760;0.96
2008-02-04;1353;0.364;834;0.423;472;0.385;748;0.468;3407;0.4;807;611;0.76
2008-02-11;1223;0.329;761;0.386;450;0.367;690;0.431;3124;0.367;818;611;0.75
2008-02-18;1094;0.294;672;0.341;424;0.346;591;0.369;2781;0.327;831;550;0.66
2008-02-25;976;0.262;589;0.299;394;0.322;523;0.327;2482;0.292;845;568;0.67
2008-03-03;875;0.235;534;0.271;368;0.3;520;0.325;2297;0.27;860;793;0.92
2008-03-10;765;0.206;460;0.234;333;0.272;487;0.304;2045;0.24;874;623;0.71
2008-03-17;681;0.183;415;0.211;314;0.256;494;0.309;1904;0.224;894;940;1.05
2008-03-24;607;0.163;361;0.183;287;0.234;450;0.281;1705;0.2;929;933;1
2008-03-31;527;0.142;295;0.15;269;0.22;394;0.246;1485;0.175;964;940;0.98
2008-04-07;448;0.12;247;0.125;249;0.203;370;0.231;1314;0.154;999;1013;1.01
2008-04-14;367;0.099;198;0.1;234;0.191;355;0.222;1154;0.136;1034;1349;1.3
2008-04-21;290;0.078;158;0.08;224;0.183;341;0.213;1013;0.119;1083;983;0.91
2008-04-28;253;0.068;155;0.078;231;0.189;392;0.245;1031;0.121;1134;1510;1.33
2008-05-05;241;0.065;183;0.093;246;0.201;436;0.273;1106;0.13;1185;1247;1.05
2008-05-12;263;0.071;262;0.133;284;0.232;492;0.308;1301;0.153;1236;1208;0.98
2008-05-19;293;0.079;378;0.192;332;0.271;547;0.342;1551;0.182;1289;1341;1.04
2008-05-26;339;0.091;482;0.244;401;0.327;578;0.361;1800;0.212;1344;1208;0.9
2008-06-02;653;0.176;746;0.378;573;0.468;732;0.458;2704;0.318;1399;1437;1.03
2008-06-09;793;0.213;932;0.472;677;0.553;814;0.509;3216;0.378;1453;1567;1.08
2008-06-16;922;0.248;1033;0.523;739;0.603;876;0.548;3570;0.42;1497;1493;1
2008-06-23;1073;0.288;1124;0.569;801;0.654;908;0.568;3906;0.459;1479;1309;0.88
2008-06-30;1438;0.387;1245;0.63;880;0.718;1017;0.636;4580;0.538;1462;1309;0.9
2008-07-07;1763;0.474;1331;0.674;932;0.761;1116;0.698;5142;0.604;1444;1294;0.9
2008-07-14;2070;0.556;1490;0.754;976;0.797;1189;0.743;5725;0.673;1426;1892;1.33
2008-07-21;2288;0.615;1600;0.812;990;0.811;1254;0.784;6132;0.721;1382;1641;1.19
2008-07-28;2471;0.664;1638;0.831;986;0.808;1251;0.782;6346;0.746;1334;1193;0.89
2008-08-04;2744;0.738;1692;0.859;996;0.816;1312;0.82;6744;0.792;1286;1087;0.85
2008-08-11;2972;0.799;1721;0.874;1009;0.827;1373;0.858;7075;0.831;1238;1027;0.83
2008-08-18;3179;0.852;1796;0.912;1082;0.887;1468;0.918;7525;0.884;1193;1633;1.37
2008-08-25;3300;0.887;1799;0.913;1088;0.892;1472;0.92;7659;0.9;1150;1294;1.12
2008-09-01;3394;0.912;1770;0.898;1067;0.875;1461;0.913;7692;0.904;1108;1020;0.92
2008-09-08;3514;0.945;1875;0.952;1159;0.95;1506;0.941;8054;0.946;1065;1231;1.16
2008-09-15;3554;0.955;1868;0.948;1170;0.959;1519;0.949;8111;0.953;859;1691;1.97
2008-09-22;3463;0.931;1831;0.929;1140;0.934;1454;0.909;7888;0.927;986;1185;1.2
2008-09-29;3366;0.905;1778;0.903;1110;0.91;1396;0.873;7650;0.899;949;920;0.97
2008-10-06;3257;0.876;1729;0.878;1083;0.888;1381;0.863;7450;0.876;912;707;0.78
2008-10-13;3177;0.854;1696;0.861;1062;0.87;1370;0.856;7305;0.859;875;700;0.8
2008-10-20;3104;0.834;1681;0.855;1037;0.85;1368;0.855;7190;0.845;858;766;0.89
2008-10-27;3017;0.811;1657;0.843;1018;0.834;1345;0.841;7037;0.827;850;661;0.78
2008-11-03;2914;0.783;1672;0.851;1045;0.857;1343;0.839;6974;0.82;842;1049;1.25
2008-11-10;2815;0.757;1703;0.867;1074;0.88;1338;0.836;6930;0.815;834;828;0.99
2008-11-17;2707;0.728;1690;0.86;1067;0.875;1308;0.818;6772;0.796;827;681;0.82
2008-11-24;2591;0.697;1668;0.849;1043;0.855;1285;0.803;6587;0.774;823;753;0.92
2008-12-01;2461;0.662;1612;0.82;981;0.804;1240;0.775;6294;0.74;819;655;0.8
2008-12-08;2344;0.63;1561;0.794;947;0.776;1210;0.756;6062;0.713;815;655;0.8
2008-12-15;2207;0.593;1488;0.757;892;0.731;1132;0.708;5719;0.672;774;592;0.76
2008-12-22;2086;0.561;1431;0.728;853;0.699;1091;0.682;5461;0.642;802;962;1.2
2008-12-29;2012;0.541;1428;0.727;839;0.688;1093;0.683;5372;0.632;794;630;0.79
2009-01-05;1907;0.513;1403;0.712;813;0.666;1063;0.666;5186;0.61;786;532;0.68
2009-01-12;1747;0.47;1308;0.664;751;0.616;981;0.613;4787;0.563;777;429;0.55
2009-01-19;1591;0.428;1211;0.615;689;0.565;889;0.556;4380;0.515;779;560;0.72
2009-01-26;1464;0.394;1149;0.583;638;0.523;858;0.536;4109;0.483;790;844;1.07
2009-02-02;1413;0.353;1049;0.534;576;0.472;797;0.498;3835;0.438;801;560;0.7
2009-02-09;1291;0.323;972;0.495;524;0.43;758;0.474;3545;0.404;813;573;0.71
2009-02-16;1162;0.291;892;0.454;474;0.389;713;0.446;3241;0.37;824;627;0.76
2009-02-23;1037;0.259;793;0.404;446;0.366;664;0.415;2940;0.335;840;614;0.73
2009-03-02;916;0.229;720;0.366;422;0.346;595;0.372;2653;0.303;855;706;0.83
2009-03-09;810;0.203;642;0.327;398;0.326;539;0.337;2389;0.273;871;1100;1.26
2009-03-16;708;0.177;578;0.294;381;0.312;507;0.317;2174;0.248;889;1056;1.19
2009-03-23;608;0.152;505;0.257;358;0.293;475;0.297;1946;0.222;925;820;0.89
2009-03-30;513;0.128;427;0.217;329;0.27;422;0.264;1691;0.193;961;1155;1.2
2009-04-06;459;0.115;401;0.204;313;0.257;426;0.266;1599;0.182;997;1335;1.34
2009-04-13;422;0.106;401;0.204;299;0.245;467;0.292;1589;0.181;1033;1335;1.29
2009-04-20;388;0.097;399;0.203;296;0.243;468;0.293;1551;0.177;1079;1177;1.09
2009-04-27;353;0.089;385;0.196;297;0.243;461;0.288;1496;0.171;1129;1056;0.94
2009-05-04;295;0.074;378;0.192;311;0.255;438;0.274;1422;0.162;1179;1021;0.87
2009-05-11;276;0.069;425;0.216;333;0.273;474;0.296;1508;0.172;1229;1021;0.83
2009-05-18;303;0.076;573;0.292;391;0.32;541;0.338;1808;0.206;1281;1273;0.99
2009-05-25;463;0.116;799;0.407;502;0.411;633;0.396;2397;0.273;1336;1188;0.89
2009-06-01;672;0.169;999;0.508;608;0.498;712;0.445;2991;0.341;1390;1188;0.85
2009-06-08;789;0.198;1138;0.579;708;0.58;754;0.471;3389;0.387;1445;1144;0.79
2009-06-15;920;0.231;1268;0.645;835;0.684;805;0.503;3828;0.437;1420;1044;0.73
2009-06-22;1248;0.314;1440;0.733;954;0.782;964;0.603;4606;0.525;1481;1575;1.06
2009-06-29;1378;0.346;1477;0.752;979;0.802;1005;0.628;4839;0.552;1464;1437;0.98
2009-07-06;1662;0.418;1550;0.789;1021;0.837;1062;0.664;5295;0.604;1446;1397;0.97
2009-07-13;1858;0.467;1583;0.806;1011;0.829;1094;0.684;5546;0.633;1428;1188;0.83
2009-07-20;2128;0.535;1658;0.844;1069;0.876;1215;0.759;6070;0.693;1389;1783;1.28
2009-07-27;2399;0.603;1694;0.862;1074;0.88;1282;0.801;6449;0.736;1341;1417;1.06
2009-08-03;2633;0.662;1703;0.867;1071;0.878;1333;0.833;6740;0.769;1293;1304;1.01
2009-08-10;2802;0.704;1714;0.872;1053;0.863;1367;0.854;6936;0.791;1245;1366;1.1
2009-08-17;3027;0.761;1714;0.872;1024;0.839;1389;0.868;7154;0.816;1199;1134;0.95
2009-08-24;3212;0.807;1697;0.864;990;0.811;1386;0.866;7285;0.831;1157;869;0.75
2009-08-31;3358;0.844;1687;0.859;979;0.802;1396;0.873;7420;0.847;1115;744;0.67
2009-09-07;3430;0.862;1705;0.868;957;0.784;1431;0.894;7523;0.858;1073;869;0.81
2009-09-14;3446;0.866;1688;0.859;911;0.747;1412;0.883;7457;0.851;1031;667;0.65
2009-09-21;3429;0.862;1689;0.86;916;0.751;1404;0.878;7438;0.849;993;587;0.59
2009-09-28;3441;0.865;1677;0.853;886;0.726;1394;0.871;7398;0.844;955;546;0.57
2009-10-05;3420;0.859;1653;0.841;841;0.689;1357;0.848;7271;0.83;917;476;0.52
2009-10-12;3440;0.864;1638;0.834;803;0.658;1355;0.847;7236;0.826;879;614;0.7
2009-10-19;3393;0.853;1609;0.819;772;0.633;1301;0.813;7075;0.807;858;587;0.68
2009-10-26;3297;0.828;1564;0.796;745;0.611;1256;0.785;6862;0.783;851;600;0.71
2009-11-02;3217;0.808;1530;0.779;721;0.591;1219;0.762;6687;0.763;843;560;0.66
2009-11-09;3150;0.791;1504;0.765;708;0.58;1226;0.766;6588;0.752;835;706;0.85
2009-11-16;3074;0.772;1485;0.756;693;0.568;1203;0.752;6455;0.736;827;732;0.88
2009-11-23;3015;0.758;1467;0.747;679;0.557;1205;0.753;6366;0.726;824;693;0.84
2009-11-30;2927;0.735;1437;0.731;667;0.547;1177;0.736;6208;0.708;820;706;0.86
2009-12-07;2828;0.711;1408;0.717;662;0.543;1149;0.718;6047;0.69;816;820;1
2009-12-14;2764;0.694;1368;0.696;653;0.535;1149;0.718;5934;0.677;813;987;1.21
2009-12-21;2605;0.655;1274;0.648;626;0.513;1039;0.649;5544;0.633;804;770;0.96
2009-12-28;2541;0.638;1265;0.644;625;0.512;1047;0.654;5478;0.625;796;820;1.03
2010-01-04;2478;0.623;1261;0.642;616;0.505;1043;0.652;5398;0.616;787;1089;1.38
2010-01-11;2328;0.585;1179;0.6;583;0.478;962;0.601;5052;0.576;778;807;1.04
2010-01-18;2134;0.536;1088;0.554;539;0.442;897;0.561;4658;0.531;778;744;0.96
2010-01-25;1958;0.492;1001;0.509;503;0.412;841;0.526;4303;0.491;789;641;0.81
2010-02-01;1742;0.438;893;0.454;460;0.377;760;0.475;3855;0.44;800;600;0.75
2010-02-08;1496;0.376;806;0.41;435;0.357;681;0.426;3418;0.39;811;725;0.89
2010-02-15;1288;0.324;680;0.346;416;0.341;569;0.356;2953;0.337;891;573;0.64
2010-02-22;1088;0.273;606;0.308;402;0.33;514;0.321;2610;0.298;838;627;0.75
2010-03-01;952;0.239;549;0.279;387;0.317;486;0.304;2374;0.271;853;999;1.17
2010-03-08;809;0.203;467;0.238;366;0.3;450;0.281;2092;0.239;869;627;0.72
2010-03-15;612;0.154;375;0.191;322;0.264;391;0.244;1700;0.194;1028;532;0.52
2010-03-22;512;0.129;327;0.166;295;0.242;383;0.239;1517;0.173;920;917;1
2010-03-29;449;0.113;320;0.163;289;0.237;414;0.259;1472;0.168;956;1067;1.12
2010-04-05;404;0.102;298;0.152;268;0.22;393;0.246;1363;0.156;992;807;0.81
2010-04-12;364;0.091;280;0.142;255;0.209;380;0.238;1279;0.146;1028;757;0.74
2010-04-19;317;0.08;251;0.128;208;0.17;345;0.216;1121;0.128;1072;627;0.59
2010-04-26;290;0.073;273;0.139;213;0.175;376;0.235;1152;0.131;1122;654;0.58
2010-05-03;293;0.074;343;0.175;266;0.218;434;0.271;1336;0.152;1172;1231;1.05
2010-05-10;250;0.063;390;0.198;302;0.248;439;0.274;1381;0.158;1222;1056;0.86
2010-05-17;243;0.061;429;0.218;332;0.272;476;0.298;1480;0.169;1274;1209;0.95
2010-05-24;231;0.058;429;0.218;343;0.281;450;0.281;1453;0.166;1328;893;0.67
2010-05-31;336;0.084;567;0.289;438;0.359;555;0.347;1896;0.216;1382;1661;1.2
2010-06-07;461;0.116;686;0.349;537;0.44;661;0.413;2345;0.268;1437;1699;1.18
2010-06-14;814;0.205;973;0.495;745;0.611;813;0.508;3345;0.382;1491;1555;1.04
2010-06-21;1049;0.264;1111;0.565;869;0.712;898;0.561;3927;0.448;1484;2031;1.37
2010-06-28;1202;0.302;1169;0.595;902;0.739;899;0.562;4172;0.476;1466;1252;0.85
2010-07-05;1533;0.385;1294;0.659;960;0.787;976;0.61;4763;0.543;1448;1199;0.83
2010-07-12;1869;0.47;1378;0.701;988;0.81;1036;0.648;5271;0.601;1431;1010;0.71
2010-07-19;2216;0.557;1453;0.739;1003;0.822;1138;0.711;5810;0.663;1396;1021;0.73
2010-07-26;2522;0.634;1502;0.764;1012;0.83;1216;0.76;6252;0.713;1348;1283;0.95
2010-08-02;2661;0.669;1524;0.776;996;0.816;1262;0.789;6443;0.735;1300;1708;1.31
2010-08-09;2843;0.714;1584;0.806;995;0.816;1318;0.824;6740;0.769;1252;1755;1.4
2010-08-16;3050;0.766;1664;0.847;1023;0.839;1351;0.844;7088;0.809;1205;1931;1.6
2010-08-23;3200;0.804;1698;0.864;1037;0.85;1365;0.853;7300;0.833;1163;1452;1.25
2010-08-30;3425;0.861;1707;0.869;1039;0.852;1408;0.88;7579;0.865;1121;1661;1.48
2010-09-06;3462;0.87;1709;0.87;1027;0.842;1394;0.871;7592;0.866;1079;1366;1.27
2010-09-13;3511;0.882;1752;0.892;1060;0.869;1389;0.868;7712;0.88;1037;1397;1.35
2010-09-20;3525;0.886;1726;0.878;1040;0.852;1378;0.861;7669;0.875;998;964;0.97
2010-09-27;3432;0.862;1716;0.873;1018;0.834;1373;0.858;7539;0.86;960;1263;1.32
2010-10-04;3403;0.855;1693;0.862;1002;0.821;1341;0.838;7439;0.849;922;975;1.06
2010-10-11;3404;0.855;1733;0.882;1046;0.857;1341;0.838;7524;0.858;885;732;0.83
2010-10-18;3342;0.84;1704;0.867;1018;0.834;1305;0.816;7369;0.841;860;732;0.85
2010-10-25;3178;0.798;1642;0.836;966;0.792;1248;0.78;7034;0.803;852;917;1.08
2010-11-01;3011;0.757;1603;0.816;921;0.755;1233;0.771;6768;0.772;844;744;0.88
2010-11-08;2942;0.739;1601;0.815;898;0.736;1241;0.776;6682;0.762;836;693;0.83
2010-11-15;2858;0.718;1590;0.809;887;0.727;1268;0.793;6603;0.753;811;856;1.05
2010-11-22;2759;0.693;1593;0.811;903;0.74;1263;0.789;6518;0.744;824;844;1.02
2010-11-29;2595;0.652;1514;0.77;883;0.724;1207;0.754;6199;0.707;821;757;0.92
2010-12-06;2340;0.588;1408;0.717;832;0.682;1108;0.693;5688;0.649;817;881;1.08
2010-12-13;2135;0.536;1358;0.691;792;0.649;1110;0.694;5395;0.616;813;1199;1.47
2010-12-20;1887;0.474;1253;0.638;744;0.61;1015;0.634;4899;0.559;806;1010;1.25
2010-12-27;1771;0.445;1202;0.612;715;0.586;988;0.618;4676;0.533;797;917;1.15
2011-01-03;1686;0.424;1171;0.596;695;0.57;981;0.613;4533;0.517;788;535;0.68
2011-01-10;1569;0.394;1142;0.581;662;0.543;980;0.613;4353;0.496;779;853;1.1
2011-01-17;1477;0.371;1108;0.564;623;0.511;960;0.6;4168;0.475;775;832;1.07
2011-01-24;1322;0.332;1013;0.516;573;0.47;908;0.568;3816;0.435;786;610;0.78
2011-01-31;1099;0.276;907;0.462;529;0.434;859;0.537;3394;0.387;796;495;0.62
2011-02-07;902;0.227;809;0.412;481;0.394;793;0.496;2985;0.34;807;426;0.53
2011-02-14;781;0.196;743;0.378;458;0.375;745;0.466;2727;0.311;817;441;0.54
2011-02-21;618;0.155;656;0.334;432;0.354;685;0.428;2391;0.272;833;441;0.53
2011-02-28;466;0.117;578;0.294;389;0.319;640;0.4;2073;0.236;850;482;0.57
2011-03-07;362;0.091;503;0.256;349;0.286;592;0.37;1806;0.206;866;421;0.49
2011-03-14;278;0.07;431;0.219;304;0.249;548;0.343;1561;0.178;883;408;0.46
2011-03-21;227;0.057;371;0.189;283;0.232;551;0.344;1432;0.163;916;468;0.51
2011-03-28;199;0.05;335;0.17;252;0.207;543;0.339;1329;0.151;952;428;0.45
2011-04-04;187;0.047;303;0.153;227;0.186;535;0.334;1252;0.143;988;495;0.5
2011-04-11;201;0.051;325;0.165;233;0.191;517;0.323;1276;0.145;1024;468;0.46
2011-04-18;195;0.049;304;0.154;208;0.17;477;0.298;1184;0.135;1066;448;0.42
2011-04-25;199;0.05;305;0.154;187;0.153;465;0.291;1156;0.132;1116;408;0.37
2011-05-02;207;0.052;327;0.166;177;0.144;435;0.272;1146;0.131;1165;428;0.37
2011-05-09;209;0.053;323;0.164;180;0.147;416;0.26;1128;0.128;1215;408;0.34
2011-05-16;284;0.071;409;0.207;232;0.189;454;0.284;1379;0.157;1265;522;0.41
2011-05-23;322;0.081;452;0.229;254;0.207;461;0.288;1489;0.17;1319;421;0.32
2011-05-30;464;0.117;592;0.3;320;0.261;525;0.328;1901;0.217;1373;631;0.46
2011-06-06;602;0.151;700;0.354;361;0.295;583;0.364;2246;0.256;1427;755;0.53
2011-06-13;696;0.175;790;0.4;404;0.33;607;0.379;2497;0.284;1482;755;0.51
2011-06-20;887;0.223;931;0.471;479;0.391;711;0.444;3008;0.343;1485;1110;0.75
2011-06-27;1108;0.278;1048;0.531;545;0.445;784;0.49;3485;0.397;1467;945;0.64
2011-07-04;1383;0.347;1114;0.564;562;0.459;867;0.542;3926;0.447;1450;1023;0.71
2011-07-11;1637;0.411;1185;0.6;601;0.491;910;0.569;4333;0.494;1433;1182;0.82
2011-07-18;1950;0.49;1323;0.67;724;0.591;1047;0.654;5044;0.574;1402;1314;0.94
2011-07-25;2048;0.515;1428;0.723;816;0.666;1107;0.692;5399;0.615;1354;1576;1.16
2011-08-01;2149;0.54;1420;0.719;815;0.665;1091;0.682;5475;0.624;1306;1219;0.93
2011-08-08;2402;0.604;1457;0.738;836;0.682;1151;0.719;5846;0.666;1258;1292;1.03
2011-08-15;2600;0.653;1480;0.749;850;0.694;1174;0.732;6104;0.695;1020;1168;1.15
2011-08-22;2898;0.728;1477;0.748;830;0.678;1245;0.776;6450;0.735;1167;943;0.81
2011-08-29;3157;0.793;1459;0.739;832;0.679;1302;0.814;6750;0.769;1124;916;0.81
2011-09-05;3334;0.838;1443;0.731;826;0.674;1330;0.831;6933;0.79;1081;1153;1.07
2011-09-12;3414;0.858;1462;0.74;833;0.68;1387;0.867;7096;0.808;1038;811;0.78
2011-09-19;3510;0.882;1453;0.736;818;0.668;1387;0.867;7168;0.816;999;1002;1
2011-09-26;3499;0.879;1455;0.737;823;0.672;1380;0.863;7157;0.815;961;755;0.79
2011-10-03;3470;0.872;1394;0.706;801;0.654;1348;0.843;7013;0.799;923;631;0.68
2011-10-10;3477;0.874;1355;0.686;773;0.631;1356;0.848;6961;0.793;886;1030;1.16
2011-10-17;3505;0.881;1339;0.678;768;0.627;1411;0.882;7023;0.8;857;1030;1.2
2011-10-24;3447;0.866;1301;0.659;720;0.588;1359;0.849;6827;0.778;849;783;0.92
2011-10-31;3368;0.846;1288;0.652;705;0.576;1324;0.828;6685;0.761;842;631;0.75
2011-11-07;3272;0.822;1306;0.661;727;0.593;1308;0.818;6613;0.753;835;563;0.67
2011-11-14;3153;0.792;1300;0.658;740;0.604;1286;0.804;6479;0.738;827;529;0.64
2011-11-21;2998;0.753;1263;0.639;701;0.572;1220;0.763;6182;0.704;824;502;0.61
2011-11-28;2849;0.716;1203;0.609;673;0.549;1160;0.725;5885;0.67;821;462;0.56
2011-12-05;2658;0.668;1145;0.58;637;0.52;1120;0.7;5560;0.633;818;720;0.88
2011-12-12;2529;0.635;1115;0.565;615;0.502;1097;0.686;5356;0.61;815;762;0.93
2011-12-19;2337;0.587;1063;0.538;588;0.48;1075;0.672;5063;0.577;809;1002;1.24
2011-12-26;2238;0.562;1025;0.519;565;0.461;1061;0.663;4889;0.557;799;1074;1.34
2012-01-02;2182;0.548;1001;0.507;555;0.453;1051;0.657;4789;0.545;773;1584;2.05
2012-01-09;2169;0.545;973;0.493;541;0.442;1035;0.647;4718;0.537;741;1591;2.15
2012-01-16;2007;0.504;927;0.469;514;0.42;996;0.623;4444;0.506;770;980;1.27
2012-01-23;1793;0.451;859;0.435;485;0.396;942;0.589;4079;0.465;740;1381;1.87
2012-01-30;1582;0.397;797;0.404;459;0.375;891;0.557;3729;0.425;753;1002;1.33
2012-02-06;1300;0.327;693;0.351;417;0.34;763;0.477;3173;0.361;827;811;0.98
2012-02-13;1029;0.259;569;0.288;371;0.303;631;0.394;2600;0.296;828;693;0.84
2012-02-20;826;0.208;472;0.239;337;0.275;536;0.335;2171;0.247;800;638;0.8
2012-02-27;697;0.175;407;0.206;309;0.252;471;0.294;1884;0.215;810;699;0.86
2012-03-05;628;0.158;372;0.188;278;0.227;451;0.282;1729;0.197;821;783;0.95
2012-03-12;537;0.135;325;0.165;251;0.205;407;0.254;1520;0.173;855;679;0.79
2012-03-19;483;0.121;298;0.151;226;0.184;378;0.236;1385;0.158;874;699;0.8
2012-03-26;407;0.102;289;0.146;217;0.177;359;0.224;1272;0.145;950;769;0.81
2012-04-02;375;0.094;294;0.149;209;0.171;371;0.232;1249;0.142;966;783;0.81
2012-04-09;331;0.083;284;0.144;198;0.162;362;0.226;1175;0.134;1020;930;0.91
2012-04-16;262;0.066;262;0.133;175;0.143;342;0.214;1041;0.119;1022;1329;1.3
2012-04-23;203;0.051;249;0.126;155;0.127;303;0.189;910;0.104;1062;959;0.9
2012-04-30;168;0.042;272;0.138;168;0.137;350;0.219;958;0.109;1098;1197;1.09
2012-05-07;179;0.045;362;0.183;224;0.183;430;0.269;1195;0.136;1147;1388;1.21
2012-05-14;242;0.061;422;0.214;278;0.227;500;0.313;1442;0.164;1242;1448;1.17
2012-05-21;302;0.076;455;0.23;311;0.254;520;0.325;1588;0.181;1318;1175;0.89
2012-05-28;402;0.101;571;0.289;386;0.315;577;0.361;1936;0.221;1333;1300;0.98
2012-06-04;596;0.15;688;0.348;482;0.393;641;0.401;2407;0.274;1415;1553;1.1
2012-06-11;866;0.218;867;0.439;646;0.527;761;0.476;3140;0.358;1518;2071;1.36
2012-06-18;1013;0.255;988;0.5;739;0.603;807;0.504;3547;0.404;1533;1868;1.22
2012-06-25;1366;0.343;1148;0.581;848;0.692;916;0.573;4278;0.488;1507;1660;1.1
2012-07-02;1749;0.439;1240;0.628;929;0.758;1058;0.661;4976;0.567;1481;1914;1.29
2012-07-09;2057;0.517;1321;0.669;989;0.807;1136;0.71;5503;0.627;1464;1433;0.98
2012-07-16;2330;0.585;1363;0.69;1003;0.819;1160;0.725;5856;0.668;1449;1241;0.86
2012-07-23;2501;0.628;1369;0.693;996;0.813;1168;0.73;6034;0.688;1388;1009;0.73
2012-07-30;2679;0.673;1395;0.706;994;0.811;1199;0.749;6267;0.715;1296;966;0.75
2012-08-06;2965;0.745;1423;0.721;1001;0.817;1268;0.793;6657;0.759;1228;945;0.77
2012-08-13;3176;0.798;1451;0.735;1019;0.832;1316;0.823;6962;0.794;1262;839;0.66
2012-08-20;3353;0.842;1446;0.732;987;0.806;1335;0.834;7121;0.812;1179;804;0.68
2012-08-27;3479;0.874;1482;0.75;1009;0.824;1385;0.866;7355;0.839;1162;1016;0.87
2012-09-03;3496;0.878;1501;0.76;1016;0.829;1401;0.876;7414;0.845;1103;1607;1.46
2012-09-10;3513;0.883;1478;0.748;1004;0.82;1365;0.853;7360;0.839;1044;945;0.91
2012-09-17;3558;0.894;1434;0.726;973;0.794;1371;0.862;7336;0.836;1030;980;0.95
2012-09-24;3578;0.899;1390;0.704;951;0.776;1384;0.87;7303;0.833;972;1160;1.19
2012-10-01;3571;0.897;1493;0.756;1038;0.847;1409;0.886;7511;0.856;928;1131;1.22
2012-10-08;3536;0.888;1429;0.724;1027;0.838;1379;0.867;7371;0.84;923;1117;1.21
2012-10-15;3529;0.887;1355;0.686;1006;0.821;1432;0.901;7322;0.835;859;2008;2.34
2012-10-22;3466;0.871;1320;0.668;1002;0.818;1407;0.885;7195;0.82;815;1233;1.51
2012-10-29;3399;0.854;1324;0.67;995;0.812;1380;0.868;7098;0.809;817;1073;1.31
2012-11-05;3331;0.837;1325;0.671;979;0.799;1379;0.867;7014;0.8;797;1721;2.16
2012-11-12;3262;0.82;1341;0.679;976;0.797;1384;0.87;6963;0.794;804;1713;2.13
2012-11-19;3156;0.793;1327;0.672;963;0.786;1346;0.847;6792;0.774;857;1045;1.22
2012-11-26;3054;0.767;1299;0.658;925;0.755;1296;0.815;6574;0.75;834;832;1
2012-12-03;2902;0.729;1261;0.638;912;0.744;1242;0.781;6317;0.72;816;916;1.12
2012-12-10;2767;0.695;1199;0.607;862;0.704;1194;0.751;6022;0.687;828;1002;1.21
2012-12-17;2602;0.654;1127;0.571;802;0.655;1100;0.692;5631;0.642;818;1930;2.36
2012-12-24;2479;0.623;1074;0.544;748;0.611;1077;0.677;5378;0.613;808;2071;2.56
2012-12-31;2434;0.612;1069;0.541;733;0.598;1133;0.713;5369;0.612;774;1637;2.11
2013-01-07;2373;0.596;1060;0.535;714;0.585;1125;0.705;5272;0.601;776;1219;1.57
2013-01-14;2222;0.558;985;0.499;657;0.536;1054;0.663;4918;0.56;794;1016;1.28
2013-01-21;2003;0.503;900;0.456;577;0.471;917;0.577;4397;0.501;741;860;1.16
2013-01-28;1795;0.451;803;0.407;501;0.409;831;0.523;3930;0.448;775;741;0.96
2013-02-04;1628;0.409;739;0.374;476;0.389;813;0.511;3656;0.417;795;1675;2.11
2013-02-11;1436;0.361;658;0.333;438;0.358;743;0.467;3275;0.373;833;1182;1.42
2013-02-18;1205;0.303;577;0.292;394;0.322;666;0.419;2842;0.324;786;973;1.24
2013-02-25;972;0.244;483;0.245;339;0.277;555;0.349;2349;0.268;819;811;0.99
2013-03-04;749;0.194;387;0.197;291;0.238;448;0.282;1875;0.214;834;706;0.85
2013-03-11;646;0.162;324;0.164;263;0.215;409;0.257;1642;0.187;810;1081;1.33
2013-03-18;542;0.136;251;0.127;219;0.179;327;0.206;1339;0.153;853;804;0.94
2013-03-25;450;0.113;190;0.096;183;0.149;273;0.172;1096;0.125;952;699;0.73
2013-04-01;375;0.094;135;0.068;161;0.131;234;0.147;905;0.103;963;930;0.97
2013-04-08;340;0.085;113;0.057;141;0.115;215;0.135;809;0.092;1007;734;0.73
2013-04-15;309;0.078;108;0.055;126;0.103;231;0.145;774;0.088;1016;1226;1.21
2013-04-22;310;0.075;132;0.067;137;0.112;327;0.205;906;0.103;1057;1945;1.84
2013-04-29;304;0.076;163;0.083;172;0.14;368;0.231;1007;0.115;1094;1614;1.48
2013-05-06;319;0.08;253;0.128;252;0.206;452;0.283;1276;0.145;1151;1667;1.45
2013-05-13;364;0.091;330;0.167;327;0.267;531;0.333;1552;0.177;1256;1829;1.46
2013-05-20;358;0.09;382;0.193;375;0.306;520;0.326;1635;0.186;1318;1486;1.13
2013-05-27;325;0.082;399;0.202;388;0.317;423;0.265;1535;0.175;1316;1508;1.15
2013-06-03;297;0.075;407;0.206;396;0.323;524;0.329;1624;0.185;1421;2948;2.07
2013-06-10;341;0.086;508;0.257;463;0.378;573;0.359;1885;0.215;1479;2675;1.81
2013-06-17;541;0.136;680;0.344;580;0.473;673;0.422;2474;0.282;1522;1883;1.24
2013-06-24;1027;0.258;918;0.465;745;0.608;803;0.503;3493;0.398;1521;1899;1.25
2013-07-01;1179;0.296;965;0.489;781;0.638;807;0.506;3732;0.425;1485;1599;1.08
2013-07-08;1455;0.366;1076;0.545;850;0.694;849;0.532;4230;0.482;1467;1508;1.03
2013-07-15;1804;0.453;1185;0.6;936;0.764;924;0.579;4849;0.553;1429;1248;0.87
2013-07-22;2136;0.537;1283;0.65;982;0.802;960;0.602;5361;0.611;1407;1081;0.77
2013-07-29;2470;0.621;1357;0.687;1005;0.82;1001;0.628;5833;0.665;1312;1211;0.92
2013-08-05;2832;0.712;1436;0.727;1042;0.851;1060;0.665;6370;0.726;1237;1009;0.82
2013-08-12;3124;0.785;1509;0.764;1105;0.902;1116;0.7;6854;0.781;1265;987;0.78
2013-08-19;3306;0.831;1520;0.77;1085;0.886;1100;0.69;7011;0.799;1181;804;0.68
2013-08-26;3379;0.849;1531;0.773;1071;0.878;1098;0.688;7079;0.807;1166;776;0.67
2013-09-02;3364;0.845;1546;0.781;1046;0.857;1090;0.683;7046;0.803;1132;727;0.64
2013-09-09;3483;0.875;1561;0.788;1046;0.857;1089;0.683;7179;0.818;1042;769;0.74
2013-09-16;3480;0.874;1599;0.808;1064;0.872;1117;0.7;7260;0.827;1033;909;0.88
2013-09-23;3497;0.879;1619;0.818;1056;0.866;1166;0.731;7338;0.836;965;1255;1.3
2013-09-30;3479;0.874;1593;0.805;1031;0.845;1138;0.713;7241;0.825;941;888;0.94
2013-10-07;3509;0.882;1595;0.806;1034;0.848;1138;0.713;7276;0.827;902;874;0.97
2013-10-14;3492;0.877;1605;0.811;1021;0.837;1132;0.71;7250;0.824;857;973;1.14
2013-10-21;3446;0.866;1612;0.814;1030;0.844;1131;0.709;7219;0.821;828;980;1.18
2013-10-28;3471;0.872;1767;0.892;1115;0.914;1133;0.71;7486;0.851;796;1095;1.38
2013-11-04;3453;0.868;1804;0.911;1119;0.917;1134;0.711;7510;0.854;811;1448;1.79
2013-11-11;3425;0.861;1810;0.914;1108;0.908;1136;0.712;7479;0.85;806;1729;2.15
2013-11-18;3337;0.838;1781;0.899;1086;0.89;1114;0.698;7318;0.832;863;1124;1.3
2013-11-25;3164;0.795;1715;0.866;1058;0.867;1064;0.667;7001;0.796;824;1160;1.41
2013-12-02;2930;0.736;1601;0.809;1005;0.824;1003;0.629;6539;0.743;821;839;1.02
2013-12-09;2731;0.686;1483;0.749;951;0.78;951;0.596;6116;0.695;833;734;0.88
2013-12-16;2488;0.625;1356;0.685;891;0.73;873;0.547;5608;0.638;830;644;0.78
2013-12-23;2306;0.579;1278;0.645;842;0.69;826;0.518;5252;0.597;835;672;0.8
2013-12-30;2263;0.569;1278;0.645;857;0.702;869;0.545;5267;0.599;811;916;1.13
2004-01-05;1991;0.527;1192;0.608;671;0.548;1064;0.665;4918;0.576;790;446;0.56
2004-01-12;1869;0.498;1160;0.592;631;0.515;996;0.623;4656;0.545;780;1238;1.59
2004-01-19;1793;0.477;1155;0.589;604;0.493;1030;0.644;4582;0.537;782;1460;1.87
2004-01-26;1654;0.44;1099;0.561;560;0.457;960;0.6;4273;0.5;795;981;1.23
2004-02-02;1505;0.401;1026;0.523;528;0.431;881;0.551;3940;0.461;808;885;1.1
2004-02-09;1400;0.373;1010;0.515;509;0.416;859;0.537;3778;0.442;821;952;1.16
2004-02-16;1264;0.337;967;0.493;478;0.39;808;0.505;3517;0.412;834;702;0.84
2004-02-23;1122;0.299;911;0.465;447;0.365;755;0.472;3235;0.379;846;765;0.9
2004-03-01;962;0.256;827;0.422;411;0.336;683;0.427;2883;0.338;858;592;0.69
2004-03-08;811;0.216;731;0.373;354;0.289;579;0.362;2475;0.29;870;646;0.74
2004-03-15;656;0.175;637;0.325;301;0.246;501;0.313;2095;0.245;882;683;0.77
2004-03-22;566;0.151;595;0.304;272;0.222;510;0.319;1943;0.228;916;974;1.06
2004-03-29;446;0.119;525;0.268;229;0.187;478;0.299;1678;0.196;949;797;0.84
2004-04-05;373;0.099;504;0.257;206;0.168;477;0.298;1560;0.183;983;797;0.81
2004-04-12;331;0.088;477;0.243;179;0.146;446;0.279;1433;0.168;1017;891;0.88
2004-04-19;296;0.079;457;0.233;171;0.14;432;0.27;1356;0.159;1061;797;0.75
2004-04-26;275;0.073;444;0.227;176;0.144;451;0.282;1346;0.158;1114;885;0.79
2004-05-03;278;0.074;454;0.232;183;0.149;461;0.288;1375;0.161;1167;912;0.78
2004-05-10;256;0.068;422;0.215;197;0.161;440;0.275;1315;0.154;1220;1413;1.16
2004-05-17;241;0.064;390;0.199;199;0.162;431;0.269;1261;0.148;1274;925;0.73
2004-05-24;318;0.085;472;0.241;258;0.211;506;0.316;1554;0.182;1330;1107;0.83
2004-05-31;365;0.097;516;0.263;301;0.247;514;0.321;1696;0.199;1387;1026;0.74
2004-06-07;457;0.122;573;0.292;375;0.306;642;0.401;2047;0.24;1443;1820;1.26
2004-06-14;607;0.162;724;0.369;487;0.398;758;0.474;2576;0.302;1499;1670;1.11
2004-06-21;772;0.206;820;0.418;545;0.445;794;0.496;2931;0.343;1493;1405;0.94
2004-06-28;907;0.242;915;0.467;610;0.498;835;0.522;3267;0.383;1477;1114;0.75
2004-07-05;1184;0.315;1036;0.529;679;0.554;901;0.563;3800;0.445;1461;1100;0.75
2004-07-12;1449;0.386;1201;0.613;792;0.647;998;0.624;4440;0.52;1445;1309;0.91
2004-07-19;1612;0.429;1270;0.648;822;0.671;1025;0.641;4729;0.554;1408;1055;0.75
2004-07-26;1941;0.517;1360;0.694;860;0.702;1146;0.716;5307;0.621;1355;1198;0.88
2004-08-02;2204;0.587;1414;0.721;876;0.715;1214;0.759;5708;0.668;1303;966;0.74
2004-08-09;2520;0.671;1452;0.741;925;0.755;1277;0.798;6174;0.723;1250;864;0.69
2004-08-16;2803;0.746;1479;0.755;971;0.793;1351;0.844;6604;0.773;1199;885;0.74
2004-08-23;3070;0.818;1590;0.811;1066;0.87;1412;0.883;7138;0.836;1158;959;0.83
2004-08-30;3253;0.866;1635;0.834;1076;0.878;1444;0.903;7408;0.867;1117;1214;1.09
2004-09-06;3386;0.902;1653;0.843;1068;0.872;1432;0.895;7539;0.883;1076;864;0.8
2004-09-13;3487;0.929;1640;0.837;1045;0.853;1450;0.906;7622;0.893;1035;696;0.67
2004-09-20;3510;0.935;1634;0.834;1042;0.851;1447;0.904;7633;0.894;997;633;0.63
2004-09-27;3526;0.939;1615;0.824;1030;0.841;1466;0.916;7637;0.894;961;925;0.96
2004-10-04;3475;0.925;1600;0.816;1014;0.828;1445;0.903;7534;0.882;925;709;0.77
2004-10-11;3449;0.919;1610;0.821;998;0.815;1435;0.897;7492;0.877;889;858;0.97
2004-10-18;3378;0.9;1604;0.818;978;0.798;1413;0.883;7373;0.863;865;790;0.91
2004-10-25;3329;0.887;1616;0.824;972;0.793;1419;0.887;7336;0.859;860;734;0.85
2004-11-01;3287;0.875;1714;0.874;1067;0.871;1446;0.904;7514;0.88;854;885;1.04
2004-11-08;3297;0.878;1795;0.916;1125;0.918;1463;0.914;7680;0.899;848;746;0.88
2004-11-15;3211;0.855;1779;0.908;1097;0.896;1428;0.893;7515;0.88;842;562;0.67
2004-11-22;3106;0.827;1743;0.889;1047;0.855;1382;0.864;7278;0.852;837;556;0.66
2004-11-29;2985;0.795;1696;0.865;997;0.814;1338;0.836;7016;0.822;833;574;0.69
2004-12-06;2847;0.758;1623;0.828;922;0.753;1287;0.804;6679;0.782;828;521;0.63
2004-12-13;2686;0.715;1524;0.778;847;0.691;1218;0.761;6275;0.735;823;497;0.6
2004-12-20;2540;0.676;1438;0.734;768;0.627;1146;0.716;5892;0.69;814;658;0.81
2004-12-27;2456;0.654;1407;0.718;731;0.597;1143;0.714;5737;0.672;804;621;0.77
2014-01-06;2227;0.557;1264;0.638;850;0.691;904;0.569;5245;0.596;790;966;1.22
2014-01-13;2146;0.537;1229;0.621;818;0.665;896;0.564;5089;0.579;801;769;0.96
2014-01-20;2031;0.51;1157;0.584;777;0.637;852;0.534;4817;0.548;761;874;1.15
2014-01-27;1891;0.473;1085;0.548;739;0.599;797;0.502;4512;0.513;780;790;1.01
2014-02-03;1728;0.433;1016;0.513;690;0.561;736;0.463;4170;0.474;778;727;0.93
2014-02-10;1581;0.396;948;0.479;636;0.517;685;0.431;3850;0.438;851;804;0.94
2014-02-17;1417;0.355;875;0.442;577;0.469;655;0.412;3524;0.401;793;952;1.2
2014-02-24;1294;0.324;808;0.408;517;0.42;623;0.392;3242;0.369;798;762;0.95
2014-03-03;1158;0.29;728;0.368;462;0.376;569;0.358;2917;0.332;830;755;0.91
2014-03-10;1034;0.259;646;0.326;404;0.328;507;0.319;2591;0.295;798;679;0.85
2014-03-17;940;0.235;588;0.297;369;0.3;486;0.306;2383;0.271;837;617;0.74
2014-03-24;870;0.218;546;0.276;356;0.289;477;0.3;2249;0.256;928;867;0.93
2014-03-31;706;0.177;443;0.224;309;0.251;406;0.255;1864;0.212;951;706;0.74
2014-04-07;603;0.151;370;0.187;281;0.228;374;0.235;1628;0.185;978;686;0.7
2014-04-14;514;0.129;352;0.178;279;0.227;370;0.233;1515;0.172;1020;797;0.78
2014-04-21;453;0.113;339;0.171;268;0.218;335;0.211;1395;0.159;1039;644;0.62
2014-04-28;416;0.104;331;0.167;265;0.215;365;0.23;1377;0.157;1080;867;0.8
2014-05-05;385;0.096;346;0.175;279;0.227;395;0.248;1405;0.16;1142;1226;1.07
2014-05-12;365;0.091;389;0.196;303;0.246;438;0.275;1495;0.17;1225;1073;0.88
2014-05-19;331;0.083;387;0.195;308;0.25;447;0.281;1473;0.167;1291;1023;0.79
2014-05-26;362;0.091;506;0.256;378;0.307;503;0.316;1749;0.199;1305;1175;0.9
2014-06-02;386;0.097;607;0.307;443;0.36;532;0.335;1968;0.224;1408;1030;0.73
2014-06-09;477;0.119;733;0.37;515;0.419;580;0.365;2305;0.262;1469;867;0.59
2014-06-16;776;0.194;960;0.485;650;0.528;708;0.445;3094;0.352;1514;980;0.65
2014-06-23;956;0.239;1050;0.53;698;0.567;731;0.46;3435;0.391;1515;755;0.5
2014-06-30;1166;0.292;1198;0.605;793;0.645;792;0.498;3949;0.449;1507;1204;0.8
2014-07-07;1356;0.339;1307;0.66;855;0.695;843;0.53;4361;0.496;1457;1277;0.88
2014-07-14;1545;0.387;1423;0.719;923;0.75;967;0.608;4858;0.552;1420;2126;1.5
2014-07-21;1783;0.446;1497;0.756;961;0.781;1013;0.637;5254;0.597;1405;1798;1.28
2014-07-28;2095;0.524;1588;0.802;994;0.808;1134;0.713;5811;0.661;1331;2118;1.59
2014-08-04;2409;0.603;1663;0.84;1046;0.85;1267;0.797;6385;0.726;1247;2182;1.75
2014-08-11;2680;0.671;1744;0.881;1067;0.867;1317;0.828;6808;0.774;1254;2126;1.7
2014-08-18;2926;0.732;1800;0.909;1092;0.888;1353;0.851;7171;0.815;1186;1403;1.18
2014-08-25;3062;0.766;1768;0.893;1074;0.873;1319;0.83;7223;0.821;1184;1167;0.99
2014-09-01;3265;0.817;1753;0.885;1068;0.868;1370;0.862;7456;0.847;1147;1746;1.52
2014-09-08;3383;0.847;1727;0.872;1056;0.859;1357;0.853;7523;0.855;1047;1138;1.09
2014-09-15;3492;0.874;1721;0.869;1042;0.847;1326;0.834;7581;0.861;1024;1001;0.98
2014-09-22;3563;0.892;1707;0.862;1032;0.839;1281;0.806;7583;0.862;981;1152;1.17
2014-09-29;3565;0.892;1692;0.855;1019;0.828;1269;0.798;7545;0.857;972;918;0.94
2014-10-06;3529;0.883;1663;0.84;999;0.812;1220;0.767;7411;0.842;884;830;0.94
2014-10-13;3533;0.883;1701;0.859;1028;0.836;1195;0.752;7457;0.847;885;769;0.87
2014-10-20;3566;0.892;1798;0.908;1086;0.883;1221;0.768;7671;0.872;847;735;0.87
2014-10-27;3547;0.887;1777;0.897;1057;0.859;1226;0.771;7607;0.864;805;939;1.17
2014-11-03;3470;0.868;1770;0.894;1013;0.824;1176;0.74;7429;0.844;799;796;1
2014-11-10;3366;0.842;1780;0.899;1030;0.837;1150;0.723;7326;0.833;791;932;1.18
2014-11-17;3285;0.821;1803;0.911;1046;0.85;1158;0.728;7292;0.829;865;1354;1.57
2014-11-24;3165;0.791;1748;0.883;1016;0.826;1133;0.713;7062;0.803;842;987;1.17
2014-12-01;3054;0.764;1692;0.855;980;0.797;1106;0.696;6832;0.776;824;857;1.04
2014-12-08;2838;0.71;1573;0.794;946;0.769;1024;0.644;6381;0.725;831;682;0.82
2014-12-15;2634;0.659;1463;0.739;879;0.715;929;0.584;5905;0.671;812;615;0.76
2014-12-22;2518;0.63;1392;0.703;827;0.672;909;0.572;5646;0.642;833;817;0.98
2014-12-29;2468;0.617;1376;0.695;798;0.649;926;0.582;5568;0.633;803;648;0.81
2015-01-05;2365;0.591;1327;0.67;756;0.612;920;0.579;5368;0.61;778;1229;1.58
2015-01-12;2241;0.56;1247;0.63;708;0.573;913;0.574;5109;0.58;770;1208;1.57
2015-01-19;2095;0.524;1156;0.584;663;0.537;890;0.56;4804;0.546;764;1117;1.46
2015-01-26;1857;0.464;1017;0.514;594;0.481;818;0.514;4286;0.487;786;864;1.1
2015-02-02;1657;0.414;910;0.46;532;0.431;780;0.491;3879;0.441;760;823;1.08
2015-02-09;1380;0.345;774;0.391;460;0.372;718;0.452;3332;0.378;858;668;0.78
2015-02-16;1160;0.29;665;0.336;398;0.322;679;0.427;2902;0.33;802;648;0.81
2015-02-23;960;0.24;557;0.281;339;0.274;635;0.399;2491;0.283;813;648;0.8
2015-03-02;794;0.199;458;0.231;289;0.234;600;0.377;2141;0.243;824;1242;1.51
2015-03-09;669;0.167;394;0.199;246;0.199;582;0.366;1891;0.215;803;871;1.08
2015-03-16;577;0.144;346;0.175;209;0.169;539;0.339;1671;0.19;840;783;0.93
2015-03-23;496;0.124;293;0.148;176;0.143;489;0.308;1454;0.165;923;823;0.89
2015-03-30;410;0.103;253;0.128;148;0.12;441;0.277;1252;0.142;950;1397;1.47
2015-04-06;367;0.092;219;0.111;134;0.109;452;0.284;1172;0.133;972;1464;1.51
2015-04-13;322;0.081;207;0.105;110;0.089;418;0.263;1057;0.12;1009;1003;0.99
2015-04-20;291;0.073;199;0.101;107;0.087;432;0.272;1029;0.117;1034;1036;1
2015-04-27;273;0.068;222;0.112;117;0.095;443;0.279;1055;0.12;1079;1046;0.97
2015-05-04;290;0.073;239;0.121;141;0.114;520;0.327;1190;0.135;1115;2549;2.29
2015-05-11;418;0.105;355;0.179;219;0.177;612;0.385;1604;0.182;1183;1999;1.69
2015-05-18;488;0.122;504;0.255;313;0.253;639;0.402;1944;0.221;1253;1881;1.5
2015-05-25;500;0.125;603;0.305;378;0.306;608;0.382;2089;0.237;1314;1476;1.12
2015-06-01;554;0.139;660;0.333;420;0.34;609;0.383;2243;0.255;1393;1177;0.84
2015-06-08;789;0.197;841;0.425;538;0.436;681;0.428;2849;0.324;1469;1399;0.95
2015-06-15;1067;0.267;1023;0.517;659;0.534;736;0.463;3485;0.396;1513;1936;1.28
2015-06-22;1282;0.321;1120;0.566;749;0.606;823;0.518;3974;0.451;1513;1558;1.03
2015-06-29;1403;0.351;1172;0.592;788;0.638;838;0.527;4201;0.477;1498;1270;0.85
2015-07-06;1632;0.408;1232;0.622;833;0.674;864;0.538;4561;0.517;1457;1004;0.69
2015-07-13;1926;0.482;1282;0.647;853;0.691;919;0.573;4980;0.565;1426;912;0.64
2015-07-20;2164;0.541;1279;0.646;850;0.688;935;0.583;5228;0.593;1419;837;0.59
2015-07-27;2428;0.607;1291;0.652;847;0.686;1022;0.637;5588;0.634;1354;793;0.59
2015-08-03;2711;0.678;1350;0.682;873;0.707;1118;0.697;6052;0.686;1237;705;0.57
2015-08-10;2967;0.742;1387;0.701;884;0.716;1174;0.731;6412;0.727;1241;695;0.56
2015-08-17;3179;0.795;1424;0.719;910;0.737;1251;0.779;6764;0.767;1199;787;0.66
2015-08-24;3208;0.802;1474;0.744;933;0.755;1286;0.801;6901;0.782;1202;725;0.6
2015-08-31;3389;0.847;1537;0.776;987;0.799;1310;0.816;7223;0.819;1143;628;0.55
2015-09-07;3445;0.861;1562;0.789;977;0.791;1306;0.814;7290;0.827;1066;575;0.54
2015-09-14;3445;0.861;1589;0.803;981;0.794;1283;0.799;7298;0.827;1024;557;0.54
2015-09-21;3526;0.882;1727;0.872;1134;0.918;1360;0.847;7747;0.878;964;682;0.71
2015-09-28;3485;0.871;1736;0.877;1127;0.913;1334;0.831;7682;0.871;962;656;0.68
2015-10-05;3436;0.859;1723;0.87;1128;0.913;1287;0.802;7574;0.859;892;573;0.64
2015-10-12;3392;0.848;1726;0.872;1109;0.898;1273;0.793;7500;0.85;891;583;0.65
2015-10-19;3247;0.812;1680;0.848;1075;0.87;1197;0.746;7199;0.816;851;707;0.83
2015-10-26;3120;0.78;1625;0.821;1023;0.828;1114;0.694;6882;0.78;816;520;0.64
2015-11-02;2967;0.742;1580;0.798;978;0.792;1052;0.655;6577;0.746;785;503;0.64
2015-11-09;2846;0.712;1539;0.777;928;0.751;1013;0.631;6326;0.717;796;494;0.62
2015-11-16;2722;0.681;1475;0.745;876;0.709;957;0.596;6030;0.684;846;456;0.54
2015-11-23;2597;0.649;1401;0.708;828;0.67;945;0.589;5771;0.654;858;757;0.88
2015-11-30;2380;0.595;1266;0.639;750;0.607;838;0.522;5234;0.593;819;696;0.85
2015-12-07;2183;0.546;1160;0.586;682;0.552;785;0.489;4810;0.545;815;611;0.75
2015-12-14;2018;0.505;1078;0.544;640;0.518;729;0.454;4465;0.506;822;546;0.66
2015-12-21;1859;0.465;1017;0.514;596;0.483;697;0.434;4169;0.473;829;537;0.65
2015-12-28;1808;0.452;1023;0.517;581;0.47;689;0.429;4101;0.465;792;474;0.6
2016-01-04;1763;0.441;1026;0.518;564;0.457;699;0.431;4052;0.459;788;682;0.87
2016-01-11;1694;0.424;1023;0.517;538;0.436;711;0.439;3966;0.449;753;1664;2.21
2016-01-18;1623;0.406;996;0.503;501;0.406;703;0.434;3823;0.433;766;866;1.13
2016-01-25;1463;0.366;907;0.458;449;0.364;613;0.378;3432;0.388;789;642;0.81
2016-02-01;1372;0.343;853;0.431;420;0.34;599;0.37;3244;0.367;759;1968;2.59
2016-02-08;1289;0.322;795;0.402;407;0.33;584;0.36;3075;0.348;826;1173;1.42
2016-02-15;1181;0.295;730;0.369;376;0.304;560;0.346;2847;0.322;825;1305;1.58
2016-02-22;1058;0.265;642;0.324;338;0.274;519;0.32;2557;0.289;815;1133;1.39
2016-02-29;980;0.245;600;0.303;311;0.252;506;0.312;2397;0.271;704;998;1.42
2016-03-07;864;0.216;544;0.275;273;0.221;458;0.283;2139;0.242;808;1122;1.39
2016-03-14;737;0.184;497;0.251;223;0.181;412;0.254;1869;0.212;837;808;0.97
2016-03-21;611;0.153;427;0.216;194;0.157;372;0.23;1604;0.182;913;702;0.77
2016-03-28;527;0.132;391;0.197;169;0.137;366;0.226;1453;0.164;973;634;0.65
2016-04-04;448;0.112;376;0.19;161;0.13;388;0.242;1373;0.155;953;838;0.88
2016-04-11;397;0.099;360;0.182;169;0.137;398;0.248;1324;0.15;1033;874;0.85
2016-04-18;342;0.086;374;0.189;175;0.142;422;0.263;1313;0.149;1031;1602;1.55
2016-04-25;309;0.077;379;0.191;178;0.144;449;0.28;1315;0.149;1068;1452;1.36
2016-05-02;248;0.062;333;0.168;149;0.121;423;0.264;1153;0.131;1094;1418;1.3
2016-05-09;222;0.056;311;0.157;139;0.113;451;0.281;1123;0.127;1174;1074;0.91
2016-05-16;216;0.054;328;0.166;159;0.129;528;0.329;1231;0.14;1248;2094;1.68
2016-05-23;233;0.058;341;0.172;165;0.134;530;0.33;1269;0.144;1329;1523;1.15
2016-05-30;292;0.073;468;0.236;240;0.194;597;0.372;1597;0.181;1361;1981;1.46
2016-06-06;381;0.095;612;0.309;329;0.266;681;0.424;2003;0.227;1419;1946;1.37
2016-06-13;560;0.14;770;0.389;406;0.329;768;0.479;2504;0.284;1514;2181;1.44
2016-06-20;675;0.169;946;0.478;527;0.427;847;0.528;2995;0.34;1521;2508;1.65
2016-06-27;983;0.246;1105;0.558;620;0.502;936;0.583;3644;0.413;1509;2294;1.52
2016-07-04;1348;0.337;1232;0.622;688;0.557;1009;0.629;4277;0.485;1461;1809;1.24
2016-07-11;1703;0.426;1322;0.668;740;0.599;1068;0.665;4833;0.548;1460;1428;0.98
2016-07-18;1992;0.498;1412;0.713;793;0.642;1148;0.715;5345;0.606;1454;1627;1.12
2016-07-25;2279;0.57;1448;0.731;810;0.656;1133;0.706;5670;0.643;1380;1406;1.02
2016-08-01;2584;0.646;1487;0.751;824;0.667;1163;0.725;6058;0.687;1257;1333;1.06
2016-08-08;2871;0.718;1568;0.792;850;0.688;1251;0.779;6540;0.741;1243;1536;1.24
2016-08-15;3075;0.769;1601;0.809;872;0.706;1271;0.792;6819;0.773;1220;1154;0.95
2016-08-22;3271;0.818;1634;0.825;893;0.723;1314;0.819;7112;0.806;1221;1071;0.88
2016-08-29;3470;0.868;1633;0.825;909;0.736;1324;0.825;7336;0.832;1151;972;0.84
2016-09-05;3539;0.885;1626;0.821;908;0.735;1312;0.817;7385;0.837;1099;940;0.86
2016-09-12;3608;0.902;1626;0.821;914;0.74;1376;0.857;7524;0.853;1039;898;0.86
2016-09-19;3577;0.894;1626;0.821;925;0.749;1363;0.849;7491;0.849;984;802;0.82
2016-09-26;3541;0.885;1611;0.814;905;0.733;1327;0.827;7384;0.837;967;672;0.69
2016-10-03;3497;0.874;1593;0.805;884;0.713;1234;0.769;7208;0.817;914;594;0.65
2016-10-10;3459;0.865;1555;0.785;864;0.697;1205;0.751;7083;0.803;911;565;0.62
2016-10-17;3358;0.84;1531;0.773;850;0.685;1167;0.727;6906;0.783;862;502;0.58
2016-10-24;3245;0.811;1491;0.753;818;0.66;1134;0.707;6688;0.758;808;513;0.63
2016-10-31;3194;0.799;1491;0.753;808;0.652;1157;0.721;6650;0.754;801;626;0.78
2016-11-07;3139;0.785;1495;0.755;799;0.644;1171;0.73;6604;0.748;791;790;1
2016-11-14;3050;0.763;1463;0.739;763;0.615;1127;0.702;6403;0.726;816;839;1.03
2016-11-21;2954;0.739;1437;0.726;747;0.602;1136;0.708;6274;0.711;853;1004;1.18
2016-11-28;2909;0.727;1436;0.725;779;0.628;1133;0.706;6257;0.709;836;674;0.81
2016-12-05;2736;0.684;1373;0.693;745;0.601;1119;0.697;5973;0.677;810;644;0.8
2016-12-12;2572;0.643;1284;0.648;679;0.548;1061;0.661;5596;0.634;843;502;0.6
2016-12-19;2356;0.589;1152;0.582;636;0.513;940;0.586;5084;0.576;835;469;0.56
2016-12-26;2170;0.543;1060;0.535;577;0.465;870;0.542;4677;0.53;794;477;0.6
2017-01-02;2042;0.511;1028;0.519;548;0.442;848;0.528;4466;0.506;783;425;0.54
2017-01-09;1820;0.455;939;0.474;503;0.406;802;0.5;4064;0.461;766;465;0.61
2017-01-16;1572;0.393;816;0.412;444;0.358;712;0.444;3544;0.402;785;449;0.57
2017-01-23;1290;0.323;660;0.333;376;0.303;602;0.375;2928;0.332;752;438;0.58
2017-01-30;1060;0.265;520;0.263;318;0.256;535;0.333;2433;0.276;761;404;0.53
2017-02-06;960;0.238;488;0.246;288;0.232;549;0.342;2285;0.258;836;727;0.87
2017-02-13;847;0.21;440;0.222;255;0.206;529;0.33;2071;0.234;828;552;0.67
2017-02-20;754;0.187;413;0.209;234;0.189;509;0.317;1910;0.216;796;527;0.66
2017-02-27;685;0.17;374;0.189;212;0.171;499;0.311;1770;0.2;808;604;0.75
2017-03-06;607;0.151;343;0.173;191;0.154;506;0.315;1647;0.186;814;932;1.14
2017-03-13;543;0.135;303;0.153;174;0.14;541;0.337;1561;0.176;854;1239;1.45
2017-03-20;485;0.12;270;0.136;160;0.129;546;0.34;1461;0.165;882;1096;1.24
2017-03-27;416;0.103;228;0.115;165;0.133;505;0.315;1314;0.148;943;931;0.99
2017-04-03;352;0.087;224;0.113;170;0.137;477;0.297;1223;0.138;954;848;0.89
2017-04-10;353;0.088;185;0.093;170;0.137;455;0.283;1163;0.131;1042;635;0.61
2017-04-17;336;0.083;203;0.103;178;0.144;478;0.298;1195;0.135;1031;741;0.72
2017-04-24;273;0.068;189;0.095;153;0.123;432;0.269;1047;0.118;1072;672;0.63
2017-05-01;207;0.051;178;0.09;152;0.123;405;0.252;942;0.106;1100;1171;1.06
2017-05-08;175;0.043;170;0.086;135;0.109;399;0.249;879;0.099;1172;1431;1.22
2017-05-15;191;0.047;205;0.104;147;0.119;439;0.274;982;0.111;1271;1217;0.96
2017-05-22;270;0.067;302;0.153;209;0.169;526;0.328;1307;0.148;1336;1115;0.83
2017-05-29;445;0.11;428;0.216;302;0.244;620;0.386;1795;0.203;1341;1029;0.77
2017-06-05;669;0.166;604;0.305;417;0.336;740;0.461;2430;0.274;1426;1371;0.96
2017-06-12;852;0.211;771;0.389;521;0.42;842;0.525;2986;0.337;1528;989;0.65
2017-06-19;1212;0.301;891;0.45;610;0.492;922;0.574;3635;0.411;1529;980;0.64
2017-06-26;1558;0.387;895;0.452;657;0.53;973;0.606;4083;0.461;1517;910;0.6
2017-07-03;1767;0.442;1090;0.551;765;0.619;1031;0.648;4653;0.525;1460;1025;0.7
2017-07-10;1953;0.488;1131;0.571;777;0.629;1018;0.64;4879;0.551;1443;998;0.69
2017-07-17;2172;0.543;1184;0.598;780;0.632;1070;0.673;5206;0.588;1434;835;0.58
2017-07-24;2398;0.599;1230;0.621;789;0.639;1084;0.682;5501;0.621;1376;806;0.59
2017-07-31;2582;0.645;1286;0.649;794;0.643;1180;0.742;5842;0.66;1282;1119;0.87
2017-08-07;2850;0.712;1337;0.675;809;0.655;1243;0.782;6239;0.705;1220;899;0.74
2017-08-14;3010;0.752;1440;0.727;851;0.689;1300;0.818;6601;0.745;1226;1150;0.94
2017-08-21;3193;0.797;1506;0.761;867;0.702;1335;0.84;6901;0.779;1172;961;0.82
2017-08-28;3336;0.833;1536;0.776;855;0.692;1316;0.828;7043;0.795;1150;792;0.69
2017-09-04;3496;0.873;1633;0.825;872;0.706;1378;0.867;7379;0.833;1085;1397;1.29
2017-09-11;3547;0.886;1707;0.862;887;0.718;1396;0.878;7537;0.851;1039;1073;1.03
2017-09-18;3564;0.89;1773;0.895;893;0.723;1388;0.873;7618;0.86;1006;1058;1.05
2017-09-25;3549;0.886;1794;0.906;876;0.709;1366;0.859;7585;0.857;954;930;0.97
2017-10-02;3553;0.881;1792;0.905;839;0.682;1335;0.845;7519;0.851;913;833;0.91
2017-10-09;3589;0.889;1800;0.909;825;0.671;1355;0.858;7569;0.856;895;1014;1.13
2017-10-16;3565;0.884;1783;0.901;791;0.643;1348;0.853;7487;0.847;865;760;0.88
2017-10-23;3538;0.877;1757;0.887;751;0.611;1342;0.849;7388;0.836;813;669;0.82
2017-10-30;3445;0.854;1710;0.864;700;0.569;1328;0.841;7183;0.813;823;669;0.81
2017-11-06;3348;0.83;1697;0.857;663;0.539;1342;0.849;7050;0.798;800;852;1.07
2017-11-13;3184;0.789;1624;0.82;603;0.49;1284;0.813;6695;0.757;810;1562;1.93
2017-11-20;2973;0.737;1551;0.783;576;0.468;1221;0.773;6321;0.715;860;922;1.07
2017-11-27;2808;0.696;1436;0.725;523;0.425;1246;0.789;6013;0.68;835;870;1.04
2017-12-04;2578;0.639;1324;0.669;497;0.404;1161;0.735;5560;0.629;805;741;0.92
2017-12-11;2319;0.575;1218;0.615;488;0.397;1004;0.635;5029;0.569;837;1455;1.74
2017-12-18;2142;0.531;1113;0.562;464;0.377;958;0.606;4677;0.529;832;1349;1.62
2017-12-25;1983;0.491;1034;0.522;428;0.348;922;0.584;4367;0.494;807;980;1.21
2018-01-01;1934;0.48;1040;0.525;432;0.35;955;0.599;4361;0.493;781;1285;1.65
2018-01-08;1923;0.477;1042;0.526;435;0.352;997;0.625;4397;0.497;779;1927;2.47
2018-01-15;1871;0.464;953;0.481;403;0.326;947;0.594;4174;0.472;804;1280;1.59
2018-01-22;1784;0.443;870;0.439;384;0.311;915;0.574;3953;0.447;750;2382;3.18
2018-01-29;1648;0.409;809;0.409;366;0.296;899;0.564;3722;0.421;759;1684;2.22
2018-02-05;1484;0.368;734;0.371;343;0.278;851;0.534;3412;0.386;823;1263;1.53
2018-02-12;1285;0.319;639;0.323;305;0.247;757;0.475;2986;0.338;823;946;1.15
2018-02-19;1122;0.278;572;0.289;269;0.218;700;0.439;2663;0.301;772;1516;1.96
2018-02-26;925;0.23;442;0.223;232;0.188;599;0.376;2198;0.249;815;885;1.09
2018-03-05;599;0.149;300;0.152;185;0.15;395;0.248;1479;0.167;823;820;1
2018-03-12;462;0.115;281;0.142;166;0.134;340;0.213;1249;0.141;849;957;1.13
2018-03-19;368;0.091;264;0.133;161;0.13;317;0.199;1110;0.126;864;908;1.05
2018-03-26;292;0.072;239;0.121;152;0.123;287;0.18;970;0.11;934;656;0.7
2018-04-02;234;0.058;196;0.099;166;0.134;287;0.18;883;0.1;958;1034;1.08
2018-04-09;211;0.052;197;0.099;139;0.113;311;0.195;858;0.097;1007;1064;1.06
2018-04-16;173;0.043;190;0.096;136;0.11;309;0.194;808;0.091;1016;1035;1.02
2018-04-23;183;0.045;239;0.121;160;0.13;351;0.22;933;0.106;1056;1126;1.07
2018-04-30;229;0.057;353;0.178;213;0.172;436;0.273;1231;0.139;1098;1194;1.09
2018-05-07;260;0.065;450;0.227;272;0.22;491;0.308;1473;0.167;1159;1071;0.92
2018-05-14;376;0.093;566;0.286;352;0.285;565;0.354;1859;0.21;1262;1240;0.98
2018-05-21;430;0.107;613;0.31;407;0.33;611;0.383;2061;0.233;1314;1166;0.89
2018-05-28;550;0.136;693;0.35;493;0.399;662;0.415;2398;0.271;1332;1166;0.88
2018-06-04;850;0.211;885;0.447;639;0.517;752;0.471;3126;0.354;1420;1189;0.84
2018-06-11;1086;0.269;999;0.505;738;0.598;822;0.515;3645;0.412;1523;1277;0.84
2018-06-18;1394;0.346;1102;0.557;845;0.684;937;0.587;4278;0.484;1535;1230;0.8
2018-06-25;1737;0.431;1176;0.594;913;0.739;1035;0.649;4861;0.55;1512;954;0.63
2018-07-02;2011;0.499;1204;0.608;895;0.725;1045;0.655;5155;0.583;1478;821;0.56
2018-07-09;2327;0.577;1244;0.628;967;0.783;1103;0.692;5641;0.638;1454;852;0.59
2018-07-16;2567;0.637;1279;0.646;966;0.782;1112;0.697;5924;0.67;1444;681;0.47
2018-07-23;2753;0.683;1333;0.673;964;0.781;1136;0.712;6186;0.7;1387;690;0.5
2018-07-30;2914;0.723;1365;0.689;960;0.777;1147;0.719;6386;0.722;1296;571;0.44
2018-08-06;3099;0.769;1384;0.699;948;0.768;1170;0.734;6601;0.747;1226;533;0.43
2018-08-13;3294;0.817;1426;0.72;956;0.774;1228;0.77;6904;0.781;1248;562;0.45
2018-08-20;3427;0.85;1463;0.739;969;0.785;1278;0.801;7137;0.807;1164;500;0.43
2018-08-27;3519;0.873;1486;0.751;968;0.784;1302;0.816;7275;0.823;1147;571;0.5
2018-09-03;3556;0.882;1537;0.776;966;0.782;1337;0.838;7396;0.837;1094;701;0.64
2018-09-10;3583;0.889;1569;0.792;966;0.782;1329;0.833;7447;0.842;1032;623;0.6
2018-09-17;3666;0.91;1581;0.798;970;0.785;1350;0.846;7567;0.856;1019;523;0.51
2018-09-24;3696;0.917;1597;0.807;974;0.789;1350;0.846;7617;0.862;968;566;0.58
2018-10-01;3688;0.915;1615;0.816;974;0.782;1331;0.834;7608;0.86;917;560;0.61
2018-10-08;3606;0.895;1612;0.814;965;0.775;1283;0.804;7466;0.844;911;492;0.54
2018-10-15;3536;0.877;1589;0.803;953;0.765;1278;0.801;7356;0.831;867;423;0.49
2018-10-22;3446;0.855;1526;0.771;938;0.753;1264;0.792;7174;0.811;818;395;0.48
2018-10-29;3331;0.827;1495;0.755;932;0.749;1255;0.787;7013;0.792;818;382;0.47
2018-11-05;3238;0.803;1529;0.772;974;0.782;1286;0.806;7027;0.794;806;444;0.55
2018-11-12;3199;0.794;1569;0.792;1031;0.828;1280;0.803;7079;0.8;819;418;0.51
2018-11-19;3144;0.78;1563;0.789;1040;0.835;1279;0.802;7026;0.794;861;396;0.46
2018-11-26;2981;0.74;1470;0.742;994;0.798;1221;0.766;6666;0.753;830;390;0.47
2018-12-03;2889;0.717;1397;0.706;960;0.771;1187;0.744;6433;0.727;811;738;0.91
2018-12-10;2855;0.708;1351;0.682;949;0.762;1223;0.767;6378;0.721;824;1122;1.36
2018-12-17;2698;0.669;1212;0.612;886;0.712;1137;0.713;5933;0.67;832;568;0.68
2018-12-24;2643;0.656;1152;0.582;843;0.677;1133;0.71;5771;0.652;824;1976;2.4
2018-12-31;2628;0.652;1126;0.569;828;0.665;1159;0.727;5741;0.649;797;885;1.11
2019-01-07;2559;0.635;1060;0.535;797;0.64;1160;0.727;5576;0.63;812;704;0.87
2019-01-14;2396;0.595;956;0.483;736;0.591;1119;0.702;5207;0.588;828;1495;1.81
2019-01-21;2236;0.555;834;0.421;663;0.533;1091;0.684;4824;0.545;769;824;1.07
2019-01-28;2014;0.5;676;0.341;582;0.467;998;0.626;4270;0.482;792;669;0.84
2019-02-04;1826;0.453;579;0.292;511;0.41;926;0.581;3842;0.434;819;642;0.78
2019-02-11;1672;0.415;518;0.262;447;0.359;871;0.546;3508;0.396;836;951;1.14
2019-02-18;1548;0.384;485;0.245;384;0.308;817;0.512;3234;0.365;799;698;0.87
2019-02-25;1437;0.357;456;0.23;336;0.27;781;0.49;3010;0.34;822;667;0.81
2019-03-04;1352;0.335;438;0.221;308;0.247;757;0.475;2855;0.323;842;796;0.95
2019-03-11;1317;0.327;443;0.224;304;0.244;758;0.475;2822;0.319;818;1174;1.44
2019-03-18;1247;0.309;432;0.218;301;0.242;772;0.484;2752;0.311;851;1353;1.59
2019-03-25;1183;0.294;417;0.211;280;0.225;682;0.428;2562;0.289;940;832;0.89
2019-04-01;1103;0.274;401;0.203;257;0.206;622;0.39;2383;0.269;965;669;0.69
2019-04-08;958;0.238;385;0.194;237;0.19;514;0.322;2094;0.237;1002;903;0.9
2019-04-15;889;0.221;377;0.19;219;0.176;447;0.28;1932;0.218;1010;771;0.76
2019-04-22;844;0.209;386;0.195;211;0.169;451;0.283;1892;0.214;1058;745;0.7
2019-04-29;837;0.208;436;0.22;251;0.202;489;0.307;2013;0.227;1105;1048;0.95
2019-05-06;806;0.2;449;0.227;264;0.212;478;0.3;1997;0.226;1170;924;0.79
2019-05-13;724;0.18;430;0.217;256;0.206;443;0.278;1853;0.209;1273;1166;0.92
2019-05-20;686;0.17;443;0.224;259;0.208;433;0.271;1821;0.206;1319;1221;0.93
2019-05-27;672;0.167;500;0.253;293;0.235;524;0.329;1989;0.225;1316;1379;1.05
2019-06-03;741;0.184;603;0.305;348;0.28;592;0.371;2284;0.258;1431;1301;0.91
2019-06-10;930;0.231;803;0.406;447;0.359;702;0.44;2882;0.326;1495;1467;0.98
2019-06-17;1221;0.303;1168;0.59;707;0.568;880;0.552;3976;0.449;1531;1965;1.28
2019-06-24;1569;0.389;1364;0.689;860;0.691;997;0.625;4790;0.541;1514;1684;1.11
2019-07-01;2013;0.5;1558;0.787;994;0.798;1116;0.7;5681;0.642;1468;1522;1.04
2019-07-08;2408;0.598;1631;0.824;1050;0.843;1209;0.758;6298;0.712;1449;1353;0.93
2019-07-15;2609;0.647;1645;0.831;1069;0.859;1208;0.757;6531;0.738;1418;1158;0.82
2019-07-22;2742;0.68;1687;0.852;1068;0.858;1229;0.771;6726;0.76;1386;897;0.65
2019-07-29;2967;0.736;1713;0.865;1060;0.851;1262;0.791;7002;0.791;1301;1442;1.11
2019-08-05;3114;0.773;1718;0.868;1053;0.846;1274;0.799;7159;0.809;1212;876;0.72
2019-08-12;3337;0.828;1767;0.892;1074;0.863;1316;0.825;7494;0.847;1247;1103;0.88
2019-08-19;3501;0.869;1818;0.918;1108;0.89;1354;0.849;7781;0.879;1161;1134;0.98
2019-08-26;3603;0.894;1834;0.926;1130;0.908;1388;0.87;7955;0.899;1141;1142;1
2019-09-02;3637;0.902;1771;0.894;1125;0.904;1358;0.851;7891;0.892;1130;1116;0.99
2019-09-09;3624;0.899;1778;0.898;1135;0.912;1398;0.876;7935;0.897;1028;1144;1.11
2019-09-16;3610;0.896;1790;0.904;1134;0.911;1410;0.884;7944;0.898;1013;812;0.8
2019-09-23;3691;0.916;1780;0.899;1116;0.896;1408;0.883;7995;0.903;954;762;0.8
2019-09-30;3658;0.908;1775;0.896;1112;0.893;1391;0.872;7936;0.897;924;707;0.77
2019-10-07;3687;0.915;1789;0.904;1110;0.892;1411;0.885;7997;0.904;889;1156;1.3
2019-10-14;3713;0.921;1800;0.909;1110;0.892;1418;0.889;8041;0.909;862;989;1.15
2019-10-21;3717;0.922;1838;0.928;1144;0.919;1425;0.893;8124;0.918;823;1101;1.34
2019-10-28;3726;0.925;1856;0.937;1170;0.94;1435;0.9;8187;0.925;793;857;1.08
2019-11-04;3724;0.924;1826;0.922;1153;0.926;1425;0.893;8128;0.918;805;1156;1.44
2019-11-11;3664;0.909;1816;0.917;1142;0.917;1389;0.871;8011;0.905;814;1080;1.33
2019-11-18;3536;0.877;1764;0.891;1112;0.893;1328;0.833;7740;0.875;868;820;0.94
2019-11-25;3359;0.833;1689;0.853;1081;0.868;1247;0.782;7376;0.833;828;758;0.92
2019-12-02;3291;0.817;1659;0.838;1070;0.859;1250;0.784;7270;0.821;820;1041;1.27
2019-12-09;3128;0.776;1589;0.803;1013;0.814;1187;0.744;6917;0.782;833;738;0.89
2019-12-16;2993;0.743;1499;0.757;927;0.745;1132;0.71;6551;0.74;835;977;1.17
2019-12-23;2886;0.716;1476;0.745;919;0.738;1138;0.713;6419;0.725;843;1074;1.27
2019-12-30;2808;0.697;1496;0.756;914;0.734;1139;0.714;6357;0.718;807;1033;1.28
2020-01-06;2723;0.676;1486;0.751;887;0.712;1135;0.712;6231;0.704;807;712;0.88
2020-01-13;2556;0.634;1382;0.698;821;0.659;1082;0.678;5841;0.66;817;634;0.78
2020-01-20;2332;0.579;1273;0.643;746;0.599;1025;0.643;5376;0.607;771;599;0.78
2020-01-27;2037;0.505;1120;0.566;638;0.512;901;0.565;4696;0.531;785;538;0.69
2020-02-03;1873;0.465;1036;0.523;570;0.458;886;0.555;4365;0.493;801;1735;2.17
2020-02-10;1757;0.436;967;0.488;521;0.418;907;0.569;4152;0.469;855;1088;1.27
2020-02-17;1643;0.408;881;0.445;469;0.377;890;0.558;3883;0.439;802;1127;1.41
2020-02-24;1529;0.379;802;0.405;422;0.339;872;0.547;3625;0.41;799;951;1.19
2020-03-02;1416;0.351;715;0.361;376;0.302;835;0.524;3342;0.378;833;1466;1.76
2020-03-09;1249;0.31;601;0.304;314;0.252;779;0.488;2943;0.333;811;1292;1.59
2020-03-16;1139;0.283;529;0.267;303;0.243;747;0.468;2718;0.307;847;1200;1.42
2020-03-23;1068;0.265;490;0.247;284;0.228;717;0.45;2559;0.289;914;872;0.95
2020-03-30;999;0.248;461;0.233;250;0.201;660;0.414;2370;0.268;946;798;0.84
2020-04-06;930;0.231;426;0.215;213;0.171;567;0.355;2136;0.241;968;633;0.65
2020-04-13;915;0.227;421;0.213;204;0.164;547;0.343;2087;0.236;1000;568;0.57
2020-04-20;921;0.229;436;0.22;213;0.171;557;0.349;2127;0.24;1038;642;0.62
2020-04-27;957;0.237;515;0.26;251;0.202;602;0.377;2325;0.263;1085;689;0.64
2020-05-04;991;0.246;564;0.285;288;0.231;648;0.406;2491;0.281;1139;929;0.82
2020-05-11;1054;0.262;603;0.305;328;0.263;705;0.442;2690;0.304;1195;1004;0.84
2020-05-18;1182;0.293;729;0.368;420;0.337;751;0.471;3082;0.348;1261;850;0.67
2020-05-25;1395;0.346;876;0.442;506;0.406;832;0.522;3609;0.408;1317;893;0.68
2020-06-01;1579;0.392;934;0.472;551;0.443;866;0.543;3930;0.444;1411;658;0.47
2020-06-08;1701;0.422;1031;0.521;627;0.504;895;0.561;4254;0.481;1472;852;0.58
2020-06-15;1750;0.434;1145;0.578;699;0.561;948;0.594;4542;0.513;1522;1144;0.75
2020-06-22;1804;0.448;1209;0.611;743;0.597;967;0.606;4723;0.534;1512;1187;0.79
2020-06-29;NA;NA;NA;NA;NA;NA;NA;NA;NA;NA;NA;NA;NA
2020-07-06;NA;NA;NA;NA;NA;NA;NA;NA;NA;NA;NA;NA;NA
2020-07-13;NA;NA;NA;NA;NA;NA;NA;NA;NA;NA;NA;NA;NA
2020-07-20;NA;NA;NA;NA;NA;NA;NA;NA;NA;NA;NA;NA;NA
2020-07-27;NA;NA;NA;NA;NA;NA;NA;NA;NA;NA;NA;NA;NA
2020-08-03;NA;NA;NA;NA;NA;NA;NA;NA;NA;NA;NA;NA;NA
2020-08-10;NA;NA;NA;NA;NA;NA;NA;NA;NA;NA;NA;NA;NA
2020-08-17;NA;NA;NA;NA;NA;NA;NA;NA;NA;NA;NA;NA;NA
2020-08-24;NA;NA;NA;NA;NA;NA;NA;NA;NA;NA;NA;NA;NA
2020-08-31;NA;NA;NA;NA;NA;NA;NA;NA;NA;NA;NA;NA;NA
2020-09-07;NA;NA;NA;NA;NA;NA;NA;NA;NA;NA;NA;NA;NA
2020-09-14;NA;NA;NA;NA;NA;NA;NA;NA;NA;NA;NA;NA;NA
2020-09-21;NA;NA;NA;NA;NA;NA;NA;NA;NA;NA;NA;NA;NA
2020-09-28;NA;NA;NA;NA;NA;NA;NA;NA;NA;NA;NA;NA;NA
2020-10-05;NA;NA;NA;NA;NA;NA;NA;NA;NA;NA;NA;NA;NA
2020-10-12;NA;NA;NA;NA;NA;NA;NA;NA;NA;NA;NA;NA;NA
2020-10-19;NA;NA;NA;NA;NA;NA;NA;NA;NA;NA;NA;NA;NA
2020-10-26;NA;NA;NA;NA;NA;NA;NA;NA;NA;NA;NA;NA;NA
2020-11-02;NA;NA;NA;NA;NA;NA;NA;NA;NA;NA;NA;NA;NA
2020-11-09;NA;NA;NA;NA;NA;NA;NA;NA;NA;NA;NA;NA;NA
2020-11-16;NA;NA;NA;NA;NA;NA;NA;NA;NA;NA;NA;NA;NA
2020-11-23;NA;NA;NA;NA;NA;NA;NA;NA;NA;NA;NA;NA;NA
2020-11-30;NA;NA;NA;NA;NA;NA;NA;NA;NA;NA;NA;NA;NA
2020-12-07;NA;NA;NA;NA;NA;NA;NA;NA;NA;NA;NA;NA;NA
2020-12-14;NA;NA;NA;NA;NA;NA;NA;NA;NA;NA;NA;NA;NA
2020-12-21;NA;NA;NA;NA;NA;NA;NA;NA;NA;NA;NA;NA;NA
